index,ID,stereo,satellite,satellite location,request location,time,area,strips,duration,distance,angle,sun elevation,cloud cover estimate,priority,priority mod,customer type mod,price,waiting time,uncertainty,cloud cover real,score_scenario,score_method,score_alpha
0,0064,0,0,"[57.46718311030379, 3.6317802019909142]","[np.float64(55.14931047733401), np.float64(-1.225701160577773)]",2026-06-13 10:33:50,821.6296518567882,2,2.7287735725883193,395.0561138900931,29.650484556748697,53.88696528701777,21.43526070780384,1,1,1,1314,4,0.11215277777777778,21.771719041137175,0.13592233009708737,ELECTRE-III,1
1,0064,0,0,"[56.88007712472242, 3.296180351226219]","[np.float64(55.14931047733401), np.float64(-1.225701160577773)]",2026-06-13 10:34:00,821.6296518567882,2,2.7287735725883193,340.5286145390034,26.136043358333545,53.90132575974773,14.435260707803842,1,1,1,1314,4,0.1125,14.210260707803842,0.13592233009708737,ELECTRE-III,1
2,0064,0,0,"[56.29230861079156, 2.969677885549157]","[np.float64(55.14931047733401), np.float64(-1.225701160577773)]",2026-06-13 10:34:10,821.6296518567882,2,2.7287735725883193,291.8076942361302,22.805399158229456,53.91566574191017,22.43526070780384,1,1,1,1314,4,0.11284722222222222,21.41963570780384,0.13592233009708737,ELECTRE-III,1
3,0064,0,0,"[55.703911719457054, 2.6518092058698146]","[np.float64(55.14931047733401), np.float64(-1.225701160577773)]",2026-06-13 10:34:20,821.6296518567882,2,2.7287735725883193,252.28147088178514,19.977115045071088,53.92998864859968,16.43526070780384,1,1,1,1314,4,0.11319444444444444,16.88803848558162,0.13592233009708737,ELECTRE-III,1
4,0064,0,0,"[55.11491377147559, 2.3421405951758953]","[np.float64(55.14931047733401), np.float64(-1.225701160577773)]",2026-06-13 10:34:30,821.6296518567882,2,2.7287735725883193,226.81056826763478,18.098239908248352,53.94429106472169,19.43526070780384,1,1,1,1314,4,0.11354166666666667,19.548802374470508,0.13592233009708737,ELECTRE-III,1
5,0064,0,0,"[54.52534891779302, 2.0402656572117843]","[np.float64(55.14931047733401), np.float64(-1.225701160577773)]",2026-06-13 10:34:40,821.6296518567882,2,2.7287735725883193,220.32660156505813,17.61326343539334,53.958569575181606,20.43526070780384,1,1,1,1314,4,0.11388888888888889,20.890816263359397,0.13592233009708737,ELECTRE-III,1
6,0064,0,0,"[53.93524789426059, 1.7458030753227234]","[np.float64(55.14931047733401), np.float64(-1.225701160577773)]",2026-06-13 10:34:50,821.6296518567882,2,2.7287735725883193,234.41179053915687,18.663381873726994,53.97283101016859,15.435260707803842,1,1,1,1314,4,0.11423611111111111,15.777969041137174,0.13592233009708737,ELECTRE-III,1
7,0064,0,0,"[53.344631191445835, 1.4583957586811684]","[np.float64(55.14931047733401), np.float64(-1.225701160577773)]",2026-06-13 10:35:00,821.6296518567882,2,2.7287735725883193,265.8178693439424,20.95798239507553,53.98707195458807,13.435260707803842,1,1,1,1314,4,0.11458333333333333,12.633177374470508,0.13592233009708737,ELECTRE-III,1
8,0064,0,0,"[52.75352954520001, 1.1777079608007308]","[np.float64(55.14931047733401), np.float64(-1.225701160577773)]",2026-06-13 10:35:10,821.6296518567882,2,2.7287735725883193,309.3138701431604,24.022400018106808,54.00129582353462,14.435260707803842,1,1,1,1314,4,0.11493055555555555,14.090469041137174,0.13592233009708737,ELECTRE-III,1
9,0064,0,0,"[52.16196344609062, 0.9034238921540033]","[np.float64(55.14931047733401), np.float64(-1.225701160577773)]",2026-06-13 10:35:20,821.6296518567882,2,2.7287735725883193,360.55164189287433,27.45308867288395,54.01549578681907,16.43526070780384,1,1,1,1314,4,0.11527777777777778,15.397760707803842,0.13592233009708737,ELECTRE-III,1
10,0201,0,0,"[40.8572524640054, -3.4030924485307823]","[np.float64(37.76131249306622), np.float64(-5.011013629053059)]",2026-06-13 10:38:30,962.7190168905337,2,2.4770214992368285,370.9898064268096,28.127509260831058,63.869160400491765,16.686180470109115,3,3,3,831,5,0.121875,16.564305470109115,0.2524271844660194,ELECTRE-III,1
11,0201,0,0,"[40.25975776069644, -3.5943678408121698]","[np.float64(37.76131249306622), np.float64(-5.011013629053059)]",2026-06-13 10:38:40,962.7190168905337,2,2.4770214992368285,303.5716076102036,23.62567778865137,63.89861900638203,14.686180470109115,3,3,3,831,5,0.12222222222222222,15.54173602566467,0.2524271844660194,ELECTRE-III,1
12,0243,0,0,"[40.25975776069644, -3.5943678408121698]","[np.float64(36.78983297350138), np.float64(-4.481296075919123)]",2026-06-13 10:38:40,247.7379327933208,1,2.3760576094088206,393.4705917522022,29.551524321995867,64.7032904226904,28.060720588956478,1,1,1,1153,13,0.12222222222222222,28.1829428111787,0.9514563106796117,ELECTRE-III,1
13,0201,0,0,"[39.662075227185305, -3.783021934556153]","[np.float64(37.76131249306622), np.float64(-5.011013629053059)]",2026-06-13 10:38:50,962.7190168905337,2,2.4770214992368285,236.68615215138271,18.831754172942965,63.928070782083125,12.686180470109115,3,3,3,831,5,0.12256944444444444,12.56361102566467,0.2524271844660194,ELECTRE-III,1
14,0243,0,0,"[39.662075227185305, -3.783021934556153]","[np.float64(36.78983297350138), np.float64(-4.481296075919123)]",2026-06-13 10:38:50,247.7379327933208,1,2.3760576094088206,325.14816403714127,25.103710583079984,64.73340472674099,22.060720588956478,1,1,1,1153,13,0.12256944444444444,22.42842892228981,0.9514563106796117,ELECTRE-III,1
15,0201,0,0,"[39.06421852385033, -3.969153554062286]","[np.float64(37.76131249306622), np.float64(-5.011013629053059)]",2026-06-13 10:39:00,962.7190168905337,2,2.4770214992368285,170.962546833039,13.838908374579173,63.95750206721671,18.686180470109115,3,3,3,831,5,0.12291666666666666,19.054930470109113,0.2524271844660194,ELECTRE-III,1
16,0243,0,0,"[39.06421852385033, -3.969153554062286]","[np.float64(36.78983297350138), np.float64(-4.481296075919123)]",2026-06-13 10:39:00,247.7379327933208,1,2.3760576094088206,256.85738479242946,20.310092991039422,64.76350537041323,25.060720588956478,1,1,1,1153,13,0.12291666666666666,24.69197058895648,0.9514563106796117,ELECTRE-III,1
17,0201,0,0,"[38.466194480880695, -4.152857041318479]","[np.float64(37.76131249306622), np.float64(-5.011013629053059)]",2026-06-13 10:39:10,962.7190168905337,2,2.4770214992368285,108.53435415873366,8.888464577342356,63.986919691971956,15.686180470109115,3,3,3,831,5,0.1232638888888889,16.302499914553557,0.2524271844660194,ELECTRE-III,1
18,0243,0,0,"[38.466194480880695, -4.152857041318479]","[np.float64(36.78983297350138), np.float64(-4.481296075919123)]",2026-06-13 10:39:10,247.7379327933208,1,2.3760576094088206,188.63344706221943,15.205982918190312,64.79358552351798,20.060720588956478,1,1,1,1153,13,0.1232638888888889,20.553776144512035,0.9514563106796117,ELECTRE-III,1
19,0201,0,0,"[37.8680030982764, -4.33422204255759]","[np.float64(37.76131249306622), np.float64(-5.011013629053059)]",2026-06-13 10:39:20,962.7190168905337,2,2.4770214992368285,60.62397702875783,4.992367532224644,64.01632365634886,15.686180470109115,3,3,3,831,5,0.12361111111111112,15.933402692331336,0.2524271844660194,ELECTRE-III,1
20,0243,0,0,"[37.8680030982764, -4.33422204255759]","[np.float64(36.78983297350138), np.float64(-4.481296075919123)]",2026-06-13 10:39:20,247.7379327933208,1,2.3760576094088206,120.5903714990871,9.857370058456944,64.82365884643353,27.060720588956478,1,1,1,1153,13,0.12361111111111112,27.55516503340092,0.9514563106796117,ELECTRE-III,1
21,0201,0,0,"[37.26966145151035, -4.513335642691535]","[np.float64(37.76131249306622), np.float64(-5.011013629053059)]",2026-06-13 10:39:30,962.7190168905337,2,2.4770214992368285,70.11000736509797,5.768624197625896,64.04571396034743,11.686180470109115,3,3,3,831,5,0.12395833333333334,11.190347136775781,0.2524271844660194,ELECTRE-III,1
22,0243,0,0,"[37.26966145151035, -4.513335642691535]","[np.float64(36.78983297350138), np.float64(-4.481296075919123)]",2026-06-13 10:39:30,247.7379327933208,1,2.3760576094088206,53.43031819849986,4.402456308644528,64.85371850897076,27.060720588956478,1,1,1,1153,13,0.12395833333333334,25.821137255623146,0.9514563106796117,ELECTRE-III,1
23,0201,0,0,"[36.671166125487986, -4.690280230877178]","[np.float64(37.76131249306622), np.float64(-5.011013629053059)]",2026-06-13 10:39:40,962.7190168905337,2,2.4770214992368285,124.5013777503436,10.17049390279718,64.07508377377847,18.686180470109115,3,3,3,831,5,0.12430555555555556,18.686180470109115,0.2524271844660194,ELECTRE-III,1
24,0243,0,0,"[36.671166125487986, -4.690280230877178]","[np.float64(36.78983297350138), np.float64(-4.481296075919123)]",2026-06-13 10:39:40,247.7379327933208,1,2.3760576094088206,22.82489187872206,1.8837157767272779,64.88375768094048,21.060720588956478,1,1,1,1153,13,0.12430555555555556,21.80655392228981,0.9514563106796117,ELECTRE-III,1
25,0201,0,0,"[36.07252395039846, -4.865134781176796]","[np.float64(37.76131249306622), np.float64(-5.011013629053059)]",2026-06-13 10:39:50,962.7190168905337,2,2.4770214992368285,188.23219005620564,15.175130150170311,64.10444675702037,18.686180470109115,3,3,3,831,5,0.12465277777777778,17.68895824788689,0.2524271844660194,ELECTRE-III,1
26,0243,0,0,"[36.07252395039846, -4.865134781176796]","[np.float64(36.78983297350138), np.float64(-4.481296075919123)]",2026-06-13 10:39:50,247.7379327933208,1,2.3760576094088206,86.8391569374125,7.1322636791534775,64.91378319253185,21.060720588956478,1,1,1,1153,13,0.12465277777777778,19.8141928111787,0.9514563106796117,ELECTRE-III,1
27,0201,0,0,"[35.473748586620125, -5.037975279444908]","[np.float64(37.76131249306622), np.float64(-5.011013629053059)]",2026-06-13 10:40:00,962.7190168905337,2,2.4770214992368285,254.37723764445,20.12979499435215,64.13378924969474,15.686180470109115,3,3,3,831,5,0.125,15.561180470109115,0.2524271844660194,ELECTRE-III,1
28,0243,0,0,"[35.473748586620125, -5.037975279444908]","[np.float64(36.78983297350138), np.float64(-4.481296075919123)]",2026-06-13 10:40:00,247.7379327933208,1,2.3760576094088206,154.64525215374138,12.562084715331892,64.94380187393406,25.060720588956478,1,1,1,1153,13,0.125,24.810720588956478,0.9514563106796117,ELECTRE-III,1
29,0201,0,0,"[34.874836619058385, -5.20887515021509]","[np.float64(37.76131249306622), np.float64(-5.011013629053059)]",2026-06-13 10:40:10,962.7190168905337,2,2.4770214992368285,321.4508378661415,24.852895003954966,64.16311808199077,17.686180470109115,3,3,3,831,5,0.12534722222222222,17.43548602566467,0.2524271844660194,ELECTRE-III,1
30,0243,0,0,"[34.874836619058385, -5.20887515021509]","[np.float64(36.78983297350138), np.float64(-4.481296075919123)]",2026-06-13 10:40:10,247.7379327933208,1,2.3760576094088206,222.80887503438996,17.79924043981621,64.97380006476875,26.060720588956478,1,1,1,1153,13,0.12534722222222222,26.1860678111787,0.9514563106796117,ELECTRE-III,1
31,0201,0,0,"[34.275798292997, -5.377903976039511]","[np.float64(37.76131249306622), np.float64(-5.011013629053059)]",2026-06-13 10:40:20,962.7190168905337,2,2.4770214992368285,388.9730520978665,29.269754124903155,64.19243325390846,12.686180470109115,3,3,3,831,5,0.12569444444444444,11.42923602566467,0.2524271844660194,ELECTRE-III,1
32,0243,0,0,"[34.275798292997, -5.377903976039511]","[np.float64(36.78983297350138), np.float64(-4.481296075919123)]",2026-06-13 10:40:20,247.7379327933208,1,2.3760576094088206,291.07914627567243,22.754268353998697,65.00378459522511,25.060720588956478,1,1,1,1153,13,0.12569444444444444,24.30655392228981,0.9514563106796117,ELECTRE-III,1
33,0243,0,0,"[33.67663360843598, -5.545128778149403]","[np.float64(36.78983297350138), np.float64(-4.481296075919123)]",2026-06-13 10:40:30,247.7379327933208,1,2.3760576094088206,359.39607704778274,27.377912388017737,65.03375546530313,21.060720588956478,1,1,1,1153,13,0.12604166666666666,21.186762255623144,0.9514563106796117,ELECTRE-III,1
34,0111,0,0,"[-4.988246806532161, -39.12197460347196]","[np.float64(-4.793908467388751), np.float64(-42.76470313767426)]",2026-06-13 12:30:00,921.7825213289591,2,7.835665009404557,404.1559671647215,30.2146948709181,45.61991605149861,19.191699043940766,4,4,3,872,12,0.3541666666666667,16.358365710607433,0.7524271844660194,ELECTRE-III,1
35,0111,0,0,"[-5.589539948793295, -39.250631461772905]","[np.float64(-4.793908467388751), np.float64(-42.76470313767426)]",2026-06-13 12:30:10,921.7825213289591,2,7.835665009404557,399.07081022177425,29.900192994157962,45.65138956319403,12.191699043940766,4,4,3,872,12,0.3545138888888889,9.355587932829653,0.7524271844660194,ELECTRE-III,1
36,0111,0,0,"[-6.1908087585055105, -39.37946590499227]","[np.float64(-4.793908467388751), np.float64(-42.76470313767426)]",2026-06-13 12:30:20,921.7825213289591,2,7.835665009404557,405.60409116300826,30.303891544916326,45.68284599941652,16.191699043940766,4,4,3,872,12,0.3548611111111111,17.61114348838521,0.7524271844660194,ELECTRE-III,1
37,0136,0,0,"[-19.409232451209345, -42.30141400173456]","[np.float64(-22.55121870780887), np.float64(-43.45574144926327)]",2026-06-13 12:34:00,904.0518045168965,2,6.5952788947026795,369.3502728221399,28.022131475783116,32.98948584208143,18.809800826651205,3,3,3,1044,5,0.3625,15.184800826651205,0.2524271844660194,ELECTRE-III,1
38,0136,0,0,"[-20.00948142830111, -42.44035370983096]","[np.float64(-22.55121870780887), np.float64(-43.45574144926327)]",2026-06-13 12:34:10,904.0518045168965,2,6.5952788947026795,301.5708171713073,23.48687808404266,33.01360665513533,20.809800826651205,3,3,3,1044,5,0.3628472222222222,21.898342493317873,0.2524271844660194,ELECTRE-III,1
39,0136,0,0,"[-20.609665518595765, -42.5800344934523]","[np.float64(-22.55121870780887), np.float64(-43.45574144926327)]",2026-06-13 12:34:20,904.0518045168965,2,6.5952788947026795,234.10866414112104,18.640915917045977,33.0377103927163,22.809800826651205,3,3,3,1044,5,0.36319444444444443,22.083411937762317,0.2524271844660194,ELECTRE-III,1
40,0136,0,0,"[-21.209779599451426, -42.72049050354444]","[np.float64(-22.55121870780887), np.float64(-43.45574144926327)]",2026-06-13 12:34:30,904.0518045168965,2,6.5952788947026795,167.34547307351613,13.557033401017376,33.061793639729764,25.809800826651205,3,3,3,1044,5,0.36354166666666665,25.44625915998454,0.2524271844660194,ELECTRE-III,1
41,0136,0,0,"[-21.809823670868095, -42.861752475958646]","[np.float64(-22.55121870780887), np.float64(-43.45574144926327)]",2026-06-13 12:34:40,904.0518045168965,2,6.5952788947026795,102.6491677214657,8.413586644596489,33.0858598112703,18.809800826651205,3,3,3,1044,5,0.3638888888888889,17.35424527109565,0.2524271844660194,ELECTRE-III,1
42,0136,0,0,"[-22.40979431775118, -43.00384773145159]","[np.float64(-22.55121870780887), np.float64(-43.45574144926327)]",2026-06-13 12:34:50,904.0518045168965,2,6.5952788947026795,49.020775537600066,4.040383774762577,33.109908907337925,16.809800826651205,3,3,3,1044,5,0.3642361111111111,20.087925826651205,0.2524271844660194,ELECTRE-III,1
43,0136,0,0,"[-23.009689832553402, -43.146813836063714]","[np.float64(-22.55121870780887), np.float64(-43.45574144926327)]",2026-06-13 12:35:00,904.0518045168965,2,6.5952788947026795,60.01682914960664,4.942617995367053,33.133937512838024,19.809800826651205,3,3,3,1044,5,0.3645833333333333,17.622300826651205,0.2524271844660194,ELECTRE-III,1
44,0136,0,0,"[-23.609506800180167, -43.29068152564628]","[np.float64(-22.55121870780887), np.float64(-43.45574144926327)]",2026-06-13 12:35:10,904.0518045168965,2,6.5952788947026795,118.88155704377556,9.720370536898628,33.15794562777062,22.809800826651205,3,3,3,1044,5,0.36493055555555554,21.350078604428983,0.2524271844660194,ELECTRE-III,1
45,0136,0,0,"[-24.209245220631477, -43.435484951145135]","[np.float64(-22.55121870780887), np.float64(-43.45574144926327)]",2026-06-13 12:35:20,904.0518045168965,2,6.5952788947026795,184.37598774417444,14.878168070483524,33.18193666723029,19.809800826651205,3,3,3,1044,5,0.36527777777777776,20.54035638220676,0.2524271844660194,ELECTRE-III,1
46,0136,0,0,"[-24.808898263718163, -43.5812650936953]","[np.float64(-22.55121870780887), np.float64(-43.45574144926327)]",2026-06-13 12:35:30,904.0518045168965,2,6.5952788947026795,251.3680130388062,19.910475368101636,33.20591063121704,22.809800826651205,3,3,3,1044,5,0.365625,25.734800826651206,0.2524271844660194,ELECTRE-III,1
47,0136,0,0,"[-25.408467636987513, -43.72805268914804]","[np.float64(-22.55121870780887), np.float64(-43.45574144926327)]",2026-06-13 12:35:40,904.0518045168965,2,6.5952788947026795,318.913940351636,24.68020847016906,33.22986410463627,21.809800826651205,3,3,3,1044,5,0.3659722222222222,18.516050826651206,0.2524271844660194,ELECTRE-III,1
48,0136,0,0,"[-26.007948217797654, -43.875888718638386]","[np.float64(-22.55121870780887), np.float64(-43.45574144926327)]",2026-06-13 12:35:50,904.0518045168965,2,6.5952788947026795,386.722126513372,29.12814745317112,33.25380050258258,25.809800826651205,3,3,3,1044,5,0.3663194444444444,26.542439715540095,0.2524271844660194,ELECTRE-III,1
49,0055,1,0,"[-18.411206917234374, -66.76654030678951]","[np.float64(-21.4902902963777), np.float64(-64.83707616408573)]",2026-06-13 14:12:30,738.9748240893007,1,2.0653552069419545,397.3417761672051,29.792802190062417,35.66052693966329,22.813479875872304,2,2,2,891,12,0.5677083333333334,19.974938209205636,0.7524271844660194,ELECTRE-III,1
50,0055,1,0,"[-19.011561762258278, -66.90431205253785]","[np.float64(-21.4902902963777), np.float64(-64.83707616408573)]",2026-06-13 14:12:40,738.9748240893007,1,2.0653552069419545,349.950044251928,26.759561296900458,35.68354809226082,17.813479875872304,2,2,2,891,12,0.5680555555555555,17.813479875872304,0.7524271844660194,ELECTRE-III,1
51,0055,1,0,"[-19.61185513557965, -67.04277364739234]","[np.float64(-21.4902902963777), np.float64(-64.83707616408573)]",2026-06-13 14:12:50,738.9748240893007,1,2.0653552069419545,310.4211961507843,24.098623691838988,35.706552169385425,23.813479875872304,2,2,2,891,12,0.5684027777777778,21.53986876476119,0.7524271844660194,ELECTRE-III,1
52,0055,1,0,"[-20.212083622103908, -67.18195924229886]","[np.float64(-21.4902902963777), np.float64(-64.83707616408573)]",2026-06-13 14:13:00,738.9748240893007,1,2.0653552069419545,282.0782889496711,22.119424437434223,35.72953234084793,14.813479875872304,2,2,2,891,12,0.56875,9.125979875872304,0.7524271844660194,ELECTRE-III,1
52,0055,1,0,"[-20.212083622103908, -67.18195924229886]","[np.float64(-21.4902902963777), np.float64(-64.83707616408573)]",2026-06-13 14:13:00,738.9748240893007,1,2.0653552069419545,282.0782889496711,22.119424437434223,35.72953234084793,14.813479875872304,2,2,2,891,12,0.56875,9.125979875872304,0.7524271844660194,ELECTRE-III,1
53,0055,1,0,"[-20.812243806736465, -67.32190298820325]","[np.float64(-21.4902902963777), np.float64(-64.83707616408573)]",2026-06-13 14:13:10,738.9748240893007,1,2.0653552069419545,268.4851939178956,21.14977327287057,35.75249202174293,22.813479875872304,2,2,2,891,12,0.5690972222222223,27.935354875872303,0.7524271844660194,ELECTRE-III,1
53,0055,1,0,"[-20.812243806736465, -67.32190298820325]","[np.float64(-21.4902902963777), np.float64(-64.83707616408573)]",2026-06-13 14:13:10,738.9748240893007,1,2.0653552069419545,268.4851939178956,21.14977327287057,35.75249202174293,22.813479875872304,2,2,2,891,12,0.5690972222222223,27.935354875872303,0.7524271844660194,ELECTRE-III,1
54,0055,1,0,"[-21.412335689477324, -67.46262537567303]","[np.float64(-21.4902902963777), np.float64(-64.83707616408573)]",2026-06-13 14:13:20,738.9748240893007,1,2.0653552069419545,271.8595409019404,21.391691633889835,35.775434627165005,22.813479875872304,2,2,2,891,12,0.5694444444444444,18.257924320316747,0.7524271844660194,ELECTRE-III,1
54,0055,1,0,"[-21.412335689477324, -67.46262537567303]","[np.float64(-21.4902902963777), np.float64(-64.83707616408573)]",2026-06-13 14:13:20,738.9748240893007,1,2.0653552069419545,271.8595409019404,21.391691633889835,35.775434627165005,22.813479875872304,2,2,2,891,12,0.5694444444444444,18.257924320316747,0.7524271844660194,ELECTRE-III,1
55,0055,1,0,"[-22.012355855231895, -67.6041673858432]","[np.float64(-21.4902902963777), np.float64(-64.83707616408573)]",2026-06-13 14:13:30,738.9748240893007,1,2.0653552069419545,291.61119600102273,22.791612333758348,35.79835332692498,20.813479875872304,2,2,2,891,12,0.5697916666666667,17.96452154253897,0.7524271844660194,ELECTRE-III,1
56,0055,1,0,"[-22.612302596452892, -67.74654950928128]","[np.float64(-21.4902902963777), np.float64(-64.83707616408573)]",2026-06-13 14:13:40,738.9748240893007,1,2.0653552069419545,324.76219779634835,25.07757562527901,35.82125153611745,21.813479875872304,2,2,2,891,12,0.5701388888888889,20.673202098094524,0.7524271844660194,ELECTRE-III,1
57,0055,1,0,"[-23.212172498045724, -67.88981955731147]","[np.float64(-21.4902902963777), np.float64(-64.83707616408573)]",2026-06-13 14:13:50,738.9748240893007,1,2.0653552069419545,367.7051387094929,27.91618597158369,35.84413266983699,18.813479875872304,2,2,2,891,12,0.5704861111111111,13.108618764761193,0.7524271844660194,ELECTRE-III,1
58,0039,0,0,"[-29.804951122698, -69.53437201509963]","[np.float64(-33.13217557972659), np.float64(-68.94243257995237)]",2026-06-13 14:15:40,948.451775170079,2,5.382646537200879,374.2036670615841,28.333473708565815,24.5127890726306,18.311640351261754,4,4,3,1292,12,0.5743055555555555,17.7373347957062,0.7524271844660194,ELECTRE-III,1
59,0023,0,0,"[-30.40369233553049, -69.69117949806478]","[np.float64(-33.0491248747741), np.float64(-71.6499149451426)]",2026-06-13 14:15:50,383.58526495773083,1,4.448552817828192,347.613453593636,26.605553624111987,23.2506025574108,22.315319400482853,1,1,1,1278,7,0.5746527777777778,24.613930511593964,0.44660194174757284,ELECTRE-III,1
60,0039,0,0,"[-30.40369233553049, -69.69117949806478]","[np.float64(-33.13217557972659), np.float64(-68.94243257995237)]",2026-06-13 14:15:50,948.451775170079,2,5.382646537200879,311.5384347253159,24.17543787736829,24.532972281627988,21.311640351261754,4,4,3,1292,12,0.5746527777777778,20.162334795706197,0.7524271844660194,ELECTRE-III,1
61,0023,0,0,"[-31.002317435147088, -69.84941449056647]","[np.float64(-33.0491248747741), np.float64(-71.6499149451426)]",2026-06-13 14:16:00,383.58526495773083,1,4.448552817828192,283.9064814409884,22.248839107811094,23.27191104007395,18.315319400482853,1,1,1,1278,7,0.575,21.765319400482852,0.44660194174757284,ELECTRE-III,1
62,0039,0,0,"[-31.002317435147088, -69.84941449056647]","[np.float64(-33.13217557972659), np.float64(-68.94243257995237)]",2026-06-13 14:16:00,948.451775170079,2,5.382646537200879,251.77497756080763,19.940171681527975,24.55313670760516,16.311640351261754,4,4,3,1292,12,0.575,21.486640351261755,0.7524271844660194,ELECTRE-III,1
63,0023,0,0,"[-31.600823006453208, -70.0091179737397]","[np.float64(-33.0491248747741), np.float64(-71.6499149451426)]",2026-06-13 14:16:10,383.58526495773083,1,4.448552817828192,222.9386619598654,17.808953724234513,23.29320244726417,21.315319400482853,1,1,1,1278,7,0.5753472222222222,16.137194400482855,0.44660194174757284,ELECTRE-III,1
64,0039,0,0,"[-31.600823006453208, -70.0091179737397]","[np.float64(-33.13217557972659), np.float64(-68.94243257995237)]",2026-06-13 14:16:10,948.451775170079,2,5.382646537200879,197.56045579326428,15.890023167447078,24.573285765656696,18.311640351261754,4,4,3,1292,12,0.5753472222222222,21.76372368459509,0.7524271844660194,ELECTRE-III,1
65,0023,0,0,"[-32.19920563435427, -70.17034458909785]","[np.float64(-33.0491248747741), np.float64(-71.6499149451426)]",2026-06-13 14:16:20,383.58526495773083,1,4.448552817828192,167.72101545829548,13.586330426888205,23.31447848652876,19.315319400482853,1,1,1,1278,7,0.5756944444444444,22.76948606714952,0.44660194174757284,ELECTRE-III,1
66,0039,0,0,"[-32.19920563435427, -70.17034458909785]","[np.float64(-33.13217557972659), np.float64(-68.94243257995237)]",2026-06-13 14:16:20,948.451775170079,2,5.382646537200879,154.83292877012977,12.576845254459517,24.593416040688016,23.311640351261754,4,4,3,1292,12,0.5756944444444444,26.76580701792842,0.7524271844660194,ELECTRE-III,1
67,0023,0,0,"[-32.79746531885027, -70.33314897815428]","[np.float64(-33.0491248747741), np.float64(-71.6499149451426)]",2026-06-13 14:16:30,383.58526495773083,1,4.448552817828192,126.0474903569489,10.294111042548831,23.335737450320423,15.315319400482853,1,1,1,1278,7,0.5760416666666667,10.130944400482853,0.44660194174757284,ELECTRE-III,1
68,0039,0,0,"[-32.79746531885027, -70.33314897815428]","[np.float64(-33.13217557972659), np.float64(-68.94243257995237)]",2026-06-13 14:16:30,948.451775170079,2,5.382646537200879,134.97572195352313,11.006028989213709,24.613527532699116,17.311640351261754,4,4,3,1292,12,0.5760416666666667,13.855390351261754,0.7524271844660194,ELECTRE-III,1
69,0023,0,0,"[-33.39559181465746, -70.49759261261151]","[np.float64(-33.0491248747741), np.float64(-71.6499149451426)]",2026-06-13 14:16:40,383.58526495773083,1,4.448552817828192,113.9016037412738,9.320481007869146,23.356979338639164,15.315319400482853,1,1,1,1278,7,0.5763888888888888,9.551430511593964,0.44660194174757284,ELECTRE-III,1
70,0039,0,0,"[-33.39559181465746, -70.49759261261151]","[np.float64(-33.13217557972659), np.float64(-68.94243257995237)]",2026-06-13 14:16:40,948.451775170079,2,5.382646537200879,147.5280858554681,12.001092589299763,24.633621949237295,18.311640351261754,4,4,3,1292,12,0.5763888888888888,13.124140351261754,0.7524271844660194,ELECTRE-III,1
71,0023,0,0,"[-33.99358512177583, -70.66373696417207]","[np.float64(-33.0491248747741), np.float64(-71.6499149451426)]",2026-06-13 14:16:50,383.58526495773083,1,4.448552817828192,139.23412168316494,11.344390390025508,23.37820585903227,19.315319400482853,1,1,1,1278,7,0.5767361111111111,19.892055511593963,0.44660194174757284,ELECTRE-III,1
72,0039,0,0,"[-33.99358512177583, -70.66373696417207]","[np.float64(-33.13217557972659), np.float64(-68.94243257995237)]",2026-06-13 14:16:50,948.451775170079,2,5.382646537200879,186.03789654116184,15.006251208327313,24.653699290302548,25.311640351261754,4,4,3,1292,12,0.5767361111111111,22.4279597957062,0.7524271844660194,ELECTRE-III,1
73,0023,0,0,"[-34.59143841001622, -70.83164350453849]","[np.float64(-33.0491248747741), np.float64(-71.6499149451426)]",2026-06-13 14:17:00,383.58526495773083,1,4.448552817828192,187.41581970939458,15.112331383299043,23.39941359640516,21.315319400482853,1,1,1,1278,7,0.5770833333333333,17.27573606714952,0.44660194174757284,ELECTRE-III,1
74,0039,0,0,"[-34.59143841001622, -70.83164350453849]","[np.float64(-33.13217557972659), np.float64(-68.94243257995237)]",2026-06-13 14:17:00,948.451775170079,2,5.382646537200879,238.23027927753125,18.945874945048185,24.673759555894875,22.311640351261754,4,4,3,1292,12,0.5770833333333333,22.311640351261754,0.7524271844660194,ELECTRE-III,1
75,0023,0,0,"[-35.18914484918945, -71.00137370541331]","[np.float64(-33.0491248747741), np.float64(-71.6499149451426)]",2026-06-13 14:17:10,383.58526495773083,1,4.448552817828192,245.33266938988626,19.468770717117184,23.420605965852417,22.315319400482853,1,1,1,1278,7,0.5774305555555556,25.779902733816186,0.44660194174757284,ELECTRE-III,1
76,0039,0,0,"[-35.18914484918945, -71.00137370541331]","[np.float64(-33.13217557972659), np.float64(-68.94243257995237)]",2026-06-13 14:17:10,948.451775170079,2,5.382646537200879,296.97395242649014,23.166874265516306,24.693801038466983,21.311640351261754,4,4,3,1292,12,0.5774305555555556,17.84705701792842,0.7524271844660194,ELECTRE-III,1
77,0023,0,0,"[-35.78670443929553, -71.17300269887738]","[np.float64(-33.0491248747741), np.float64(-71.6499149451426)]",2026-06-13 14:17:20,383.58526495773083,1,4.448552817828192,307.5313466393446,23.899508534758155,23.441782967374042,18.315319400482853,1,1,1,1278,7,0.5777777777777777,13.115319400482853,0.44660194174757284,ELECTRE-III,1
78,0039,0,0,"[-35.78670443929553, -71.17300269887738]","[np.float64(-33.13217557972659), np.float64(-68.94243257995237)]",2026-06-13 14:17:20,948.451775170079,2,5.382646537200879,359.0663865127968,27.35644532182989,24.713823738018878,21.311640351261754,4,4,3,1292,12,0.5777777777777777,21.311640351261754,0.7524271844660194,ELECTRE-III,1
79,0023,0,0,"[-36.38411035014527, -71.34659878682244]","[np.float64(-33.0491248747741), np.float64(-71.6499149451426)]",2026-06-13 14:17:30,383.58526495773083,1,4.448552817828192,371.8681051599908,28.183875118669633,23.46294118587545,15.315319400482853,1,1,1,1278,7,0.578125,14.159069400482853,0.44660194174757284,ELECTRE-III,1
80,0160,0,0,"[48.59665934085732, -74.70987272659592]","[np.float64(45.14600795418758), np.float64(-74.22434035818429)]",2026-06-13 15:32:40,890.2916008291153,2,7.485572037056226,385.4642046202691,29.04884068820336,62.18081959993465,18.06439963817758,3,3,3,1172,6,0.7347222222222223,21.73801074928869,0.3932038834951456,ELECTRE-III,1
81,0160,0,0,"[48.00239531702578, -74.94670270587694]","[np.float64(45.14600795418758), np.float64(-74.22434035818429)]",2026-06-13 15:32:50,890.2916008291153,2,7.485572037056226,322.3756077597876,24.915724542148592,62.201610695768174,15.06439963817758,3,3,3,1172,6,0.7350694444444444,21.680024638177578,0.3932038834951456,ELECTRE-III,1
82,0160,0,0,"[47.407810274303245, -75.17907940181912]","[np.float64(45.14600795418758), np.float64(-74.22434035818429)]",2026-06-13 15:33:00,890.2916008291153,2,7.485572037056226,261.9808547709015,20.68122213878909,62.22238130103418,16.06439963817758,3,3,3,1172,6,0.7354166666666667,21.947732971510913,0.3932038834951456,ELECTRE-III,1
83,0160,0,0,"[46.81292128816264, -75.40720088990838]","[np.float64(45.14600795418758), np.float64(-74.22434035818429)]",2026-06-13 15:33:10,890.2916008291153,2,7.485572037056226,206.656971374954,16.582300787887593,62.24312458554351,22.06439963817758,3,3,3,1172,6,0.7357638888888889,16.17828852706647,0.3932038834951456,ELECTRE-III,1
84,0160,0,0,"[46.217742018982314, -75.63123792487396]","[np.float64(45.14600795418758), np.float64(-74.22434035818429)]",2026-06-13 15:33:20,890.2916008291153,2,7.485572037056226,161.69610263179837,13.11544669191413,62.26384737948533,15.06439963817758,3,3,3,1172,6,0.7361111111111112,21.68939963817758,0.3932038834951456,ELECTRE-III,1
85,0160,0,0,"[45.62228271204602, -75.85136126144513]","[np.float64(45.14600795418758), np.float64(-74.22434035818429)]",2026-06-13 15:33:30,890.2916008291153,2,7.485572037056226,137.65812736569134,11.21925810056421,62.2845360224813,19.06439963817758,3,3,3,1172,6,0.7364583333333333,25.69252463817758,0.3932038834951456,ELECTRE-III,1
86,0160,0,0,"[45.026557027732096, -76.0677279939728]","[np.float64(45.14600795418758), np.float64(-74.22434035818429)]",2026-06-13 15:33:40,890.2916008291153,2,7.485572037056226,145.32625553316842,11.827059723551749,62.305211005098926,21.06439963817758,3,3,3,1172,6,0.7368055555555556,13.696344082622023,0.3932038834951456,ELECTRE-III,1
87,0160,0,0,"[44.43057521132429, -76.28049521680786]","[np.float64(45.14600795418758), np.float64(-74.22434035818429)]",2026-06-13 15:33:50,890.2916008291153,2,7.485572037056226,180.70925533787766,14.595036060993685,62.3258518367707,20.06439963817758,3,3,3,1172,6,0.7371527777777778,17.11578852706647,0.3932038834951456,ELECTRE-III,1
88,0160,0,0,"[43.83434750810637, -76.48980636392291]","[np.float64(45.14600795418758), np.float64(-74.22434035818429)]",2026-06-13 15:34:00,890.2916008291153,2,7.485572037056226,231.42673821519563,18.441888794785463,62.34647217787497,14.06439963817758,3,3,3,1172,6,0.7375,11.85189963817758,0.3932038834951456,ELECTRE-III,1
89,0160,0,0,"[43.237887578456665, -76.69580486929048]","[np.float64(45.14600795418758), np.float64(-74.22434035818429)]",2026-06-13 15:34:10,890.2916008291153,2,7.485572037056226,289.5297633103928,22.645402572298774,62.36706519822256,13.06439963817758,3,3,3,1172,6,0.7378472222222222,13.06439963817758,0.3932038834951456,ELECTRE-III,1
90,0235,0,0,"[43.237887578456665, -76.69580486929048]","[np.float64(40.31208734352321), np.float64(-74.64876167859748)]",2026-06-13 15:34:10,568.4645561859485,1,3.5844442237745024,366.9275598420824,27.86603803095041,65.34290348751624,16.817158925093402,4,4,3,1292,11,0.7378472222222222,21.98208948064896,0.6262135922330098,ELECTRE-III,1
91,0160,0,0,"[42.641198837469766, -76.89860684612651]","[np.float64(45.14600795418758), np.float64(-74.22434035818429)]",2026-06-13 15:34:20,890.2916008291153,2,7.485572037056226,351.3734347946703,26.853174749035286,62.387630897813466,19.06439963817758,3,3,3,1172,6,0.7381944444444445,18.326205193733134,0.3932038834951456,ELECTRE-III,1
92,0235,0,0,"[42.641198837469766, -76.89860684612651]","[np.float64(40.31208734352321), np.float64(-74.64876167859748)]",2026-06-13 15:34:20,568.4645561859485,1,3.5844442237745024,319.6675987208905,24.731560106531923,65.36810688555359,10.817158925093404,4,4,3,1292,11,0.7381944444444445,7.864381147315626,0.6262135922330098,ELECTRE-III,1
93,0235,0,0,"[42.04429494552401, -77.09834889821437]","[np.float64(40.31208734352321), np.float64(-74.64876167859748)]",2026-06-13 15:34:30,568.4645561859485,1,3.5844442237745024,281.2767219248278,22.062607747359174,65.3932966232126,17.817158925093402,4,4,3,1292,11,0.7385416666666667,21.509867258426734,0.6262135922330098,ELECTRE-III,1
94,0235,0,0,"[41.44718273280857, -77.29514713876993]","[np.float64(40.31208734352321), np.float64(-74.64876167859748)]",2026-06-13 15:34:40,568.4645561859485,1,3.5844442237745024,255.7799611634233,20.231819423170627,65.41845904011493,16.817158925093402,4,4,3,1292,11,0.7388888888888889,23.4671589250934,0.6262135922330098,ELECTRE-III,1
95,008,0,0,"[40.8498724446072, -77.48911085081996]","[np.float64(38.89179125886753), np.float64(-73.82283052086814)]",2026-06-13 15:34:50,147.45181514929322,1,2.1234873577015243,381.12964109517225,28.774629086805277,66.80813615883488,14.188019994719667,3,3,3,704,13,0.7392361111111111,7.534894994719667,0.9514563106796117,ELECTRE-III,1
96,0235,0,0,"[40.8498724446072, -77.48911085081996]","[np.float64(40.31208734352321), np.float64(-74.64876167859748)]",2026-06-13 15:34:50,568.4645561859485,1,3.5844442237745024,247.1997336793092,19.605674428924353,65.44359413626057,8.817158925093404,4,4,3,1292,11,0.7392361111111111,12.513339480648959,0.6262135922330098,ELECTRE-III,1
97,008,0,0,"[40.25237432620366, -77.68035614758031]","[np.float64(38.89179125886753), np.float64(-73.82283052086814)]",2026-06-13 15:35:00,147.45181514929322,1,2.1234873577015243,363.5603362233269,27.64834164558749,66.83417283995098,18.188019994719667,3,3,3,704,13,0.7395833333333334,13.750519994719667,0.9514563106796117,ELECTRE-III,1
98,0235,0,0,"[40.25237432620366, -77.68035614758031]","[np.float64(40.31208734352321), np.float64(-74.64876167859748)]",2026-06-13 15:35:00,568.4645561859485,1,3.5844442237745024,257.2350095614967,20.337508284153486,65.46870874183871,14.817158925093404,4,4,3,1292,11,0.7395833333333334,13.337992258426738,0.6262135922330098,ELECTRE-III,1
99,008,0,0,"[39.654688377597935, -77.8689786516994]","[np.float64(38.89179125886753), np.float64(-73.82283052086814)]",2026-06-13 15:35:10,147.45181514929322,1,2.1234873577015243,358.4390278481495,27.315573262631922,66.86018220031039,22.188019994719667,3,3,3,704,13,0.7399305555555555,16.268575550275223,0.9514563106796117,ELECTRE-III,1
100,0235,0,0,"[39.654688377597935, -77.8689786516994]","[np.float64(40.31208734352321), np.float64(-74.64876167859748)]",2026-06-13 15:35:10,568.4645561859485,1,3.5844442237745024,283.9181227814326,22.249662414525805,65.49379602666016,10.817158925093404,4,4,3,1292,11,0.7399305555555555,14.51681170287118,0.6262135922330098,ELECTRE-III,1
101,008,0,0,"[39.05682825916838, -78.05508081601472]","[np.float64(38.89179125886753), np.float64(-73.82283052086814)]",2026-06-13 15:35:20,147.45181514929322,1,2.1234873577015243,366.2885671353042,27.824793072449484,66.88616423991311,16.188019994719667,3,3,3,704,13,0.7402777777777778,22.85051999471967,0.9514563106796117,ELECTRE-III,1
102,0235,0,0,"[39.05682825916838, -78.05508081601472]","[np.float64(40.31208734352321), np.float64(-74.64876167859748)]",2026-06-13 15:35:20,568.4645561859485,1,3.5844442237745024,323.1513680430883,24.968380942885865,65.51886282091411,15.817158925093404,4,4,3,1292,11,0.7402777777777778,8.414381147315625,0.6262135922330098,ELECTRE-III,1
103,008,0,0,"[38.45879738600957, -78.23875143298554]","[np.float64(38.89179125886753), np.float64(-73.82283052086814)]",2026-06-13 15:35:30,147.45181514929322,1,2.1234873577015243,386.31834654736656,29.102704109542675,66.91211895875917,21.188019994719667,3,3,3,704,13,0.740625,27.853644994719666,0.9514563106796117,ELECTRE-III,1
104,0235,0,0,"[38.45879738600957, -78.23875143298554]","[np.float64(40.31208734352321), np.float64(-74.64876167859748)]",2026-06-13 15:35:30,568.4645561859485,1,3.5844442237745024,370.97377414008855,28.126479818319172,65.54390912460055,8.817158925093404,4,4,3,1292,11,0.740625,6.595283925093404,0.6262135922330098,ELECTRE-III,1
105,0179,1,0,"[33.069924979936665, -79.79629411093691]","[np.float64(29.7478931171751), np.float64(-80.98193319510803)]",2026-06-13 15:37:00,927.8929809486823,1,5.319718495885655,386.1405819574643,29.091498658562774,65.2511467262063,16.06807868739868,4,4,3,873,6,0.74375,12.349328687398678,0.3932038834951456,ELECTRE-III,1
106,0179,1,0,"[32.47052806894386, -79.96008204723381]","[np.float64(29.7478931171751), np.float64(-80.98193319510803)]",2026-06-13 15:37:10,927.8929809486823,1,5.319718495885655,317.98433375361975,24.616810029907015,65.28687544575463,20.06807868739868,4,4,3,873,6,0.7440972222222222,26.764953687398677,0.3932038834951456,ELECTRE-III,1
107,0179,1,0,"[31.871021874924327, -80.12225122869742]","[np.float64(29.7478931171751), np.float64(-80.98193319510803)]",2026-06-13 15:37:20,927.8929809486823,1,5.319718495885655,249.94713492117862,19.80670610936576,65.3225973351138,15.068078687398678,4,4,3,873,6,0.7444444444444445,18.7903009096209,0.3932038834951456,ELECTRE-III,1
108,0179,1,0,"[31.271409812972664, -80.28286312703028]","[np.float64(29.7478931171751), np.float64(-80.98193319510803)]",2026-06-13 15:37:30,927.8929809486823,1,5.319718495885655,182.16316417653348,14.707389736253846,65.35831922447296,21.06807868739868,4,4,3,873,6,0.7447916666666666,15.109745354065346,0.3932038834951456,ELECTRE-III,1
108,0179,1,0,"[31.271409812972664, -80.28286312703028]","[np.float64(29.7478931171751), np.float64(-80.98193319510803)]",2026-06-13 15:37:30,927.8929809486823,1,5.319718495885655,182.16316417653348,14.707389736253846,65.35831922447296,21.06807868739868,4,4,3,873,6,0.7447916666666666,15.109745354065346,0.3932038834951456,ELECTRE-III,1
109,0179,1,0,"[30.67169529818345, -80.44197238374572]","[np.float64(29.7478931171751), np.float64(-80.98193319510803)]",2026-06-13 15:37:40,927.8929809486823,1,5.319718495885655,115.08247013627496,9.41538879880335,65.39403428364297,21.06807868739868,4,4,3,873,6,0.7451388888888889,26.284050909620902,0.3932038834951456,ELECTRE-III,1
109,0179,1,0,"[30.67169529818345, -80.44197238374572]","[np.float64(29.7478931171751), np.float64(-80.98193319510803)]",2026-06-13 15:37:40,927.8929809486823,1,5.319718495885655,115.08247013627496,9.41538879880335,65.39403428364297,21.06807868739868,4,4,3,873,6,0.7451388888888889,26.284050909620902,0.3932038834951456,ELECTRE-III,1
110,0184,2,0,"[30.67169529818345, -80.44197238374572]","[np.float64(27.32515845053345), np.float64(-80.26028845491872)]",2026-06-13 15:37:40,330.5918992225013,1,6.925575150920803,372.53749204922076,28.226793951362573,66.3022103866337,9.442618806246042,4,4,3,1496,4,0.7451388888888889,2.736368806246042,0.13592233009708737,ELECTRE-III,1
111,0179,1,0,"[30.071885160745854, -80.59963364035713]","[np.float64(29.7478931171751), np.float64(-80.98193319510803)]",2026-06-13 15:37:50,927.8929809486823,1,5.319718495885655,51.53310392430979,4.246715380364476,65.42974934281295,18.06807868739868,4,4,3,873,6,0.7454861111111111,12.10418979850979,0.3932038834951456,ELECTRE-III,1
111,0179,1,0,"[30.071885160745854, -80.59963364035713]","[np.float64(29.7478931171751), np.float64(-80.98193319510803)]",2026-06-13 15:37:50,927.8929809486823,1,5.319718495885655,51.53310392430979,4.246715380364476,65.42974934281295,18.06807868739868,4,4,3,873,6,0.7454861111111111,12.10418979850979,0.3932038834951456,ELECTRE-III,1
112,0184,2,0,"[30.071885160745854, -80.59963364035713]","[np.float64(27.32515845053345), np.float64(-80.26028845491872)]",2026-06-13 15:37:50,330.5918992225013,1,6.925575150920803,307.21003266412345,23.877331461252716,66.33911389871929,16.442618806246042,4,4,3,1496,4,0.7454861111111111,11.224216028468264,0.13592233009708737,ELECTRE-III,1
113,0179,1,0,"[29.471982815754465, -80.75588787799951]","[np.float64(29.7478931171751), np.float64(-80.98193319510803)]",2026-06-13 15:38:00,927.8929809486823,1,5.319718495885655,37.666874619401725,3.106682324572659,65.46546440198296,13.068078687398678,4,4,3,873,6,0.7458333333333333,7.847245354065345,0.3932038834951456,ELECTRE-III,1
113,0179,1,0,"[29.471982815754465, -80.75588787799951]","[np.float64(29.7478931171751), np.float64(-80.98193319510803)]",2026-06-13 15:38:00,927.8929809486823,1,5.319718495885655,37.666874619401725,3.106682324572659,65.46546440198296,13.068078687398678,4,4,3,873,6,0.7458333333333333,7.847245354065345,0.3932038834951456,ELECTRE-III,1
114,0184,2,0,"[29.471982815754465, -80.75588787799951]","[np.float64(27.32515845053345), np.float64(-80.26028845491872)]",2026-06-13 15:38:00,330.5918992225013,1,6.925575150920803,243.58762837841385,19.340604970636804,66.37601741080486,8.442618806246042,4,4,3,1496,4,0.7458333333333333,10.680118806246043,0.13592233009708737,ELECTRE-III,1
115,0179,1,0,"[28.87198826320928, -80.9107965683754]","[np.float64(29.7478931171751), np.float64(-80.98193319510803)]",2026-06-13 15:38:10,927.8929809486823,1,5.319718495885655,97.64023088429883,8.008491812120978,65.50117263096378,17.06807868739868,4,4,3,873,6,0.7461805555555555,20.798981465176457,0.3932038834951456,ELECTRE-III,1
115,0179,1,0,"[28.87198826320928, -80.9107965683754]","[np.float64(29.7478931171751), np.float64(-80.98193319510803)]",2026-06-13 15:38:10,927.8929809486823,1,5.319718495885655,97.64023088429883,8.008491812120978,65.50117263096378,17.06807868739868,4,4,3,873,6,0.7461805555555555,20.798981465176457,0.3932038834951456,ELECTRE-III,1
116,0184,2,0,"[28.87198826320928, -80.9107965683754]","[np.float64(27.32515845053345), np.float64(-80.26028845491872)]",2026-06-13 15:38:10,330.5918992225013,1,6.925575150920803,183.452848785908,14.806955979782785,66.41292092289045,11.442618806246042,4,4,3,1496,4,0.7461805555555555,9.204077139579375,0.13592233009708737,ELECTRE-III,1
116,0184,2,0,"[28.87198826320928, -80.9107965683754]","[np.float64(27.32515845053345), np.float64(-80.26028845491872)]",2026-06-13 15:38:10,330.5918992225013,1,6.925575150920803,183.452848785908,14.806955979782785,66.41292092289045,11.442618806246042,4,4,3,1496,4,0.7461805555555555,9.204077139579375,0.13592233009708737,ELECTRE-III,1
117,0179,1,0,"[28.271908333299468, -81.06440752280899]","[np.float64(29.7478931171751), np.float64(-80.98193319510803)]",2026-06-13 15:38:20,927.8929809486823,1,5.319718495885655,164.3180735703719,13.320595350304282,65.53687402975544,19.06807868739868,4,4,3,873,6,0.7465277777777778,13.095856465176457,0.3932038834951456,ELECTRE-III,1
117,0179,1,0,"[28.271908333299468, -81.06440752280899]","[np.float64(29.7478931171751), np.float64(-80.98193319510803)]",2026-06-13 15:38:20,927.8929809486823,1,5.319718495885655,164.3180735703719,13.320595350304282,65.53687402975544,19.06807868739868,4,4,3,873,6,0.7465277777777778,13.095856465176457,0.3932038834951456,ELECTRE-III,1
118,0184,2,0,"[28.271908333299468, -81.06440752280899]","[np.float64(27.32515845053345), np.float64(-80.26028845491872)]",2026-06-13 15:38:20,330.5918992225013,1,6.925575150920803,131.67515797041082,10.743237743902998,66.44982443497602,8.442618806246042,4,4,3,1496,4,0.7465277777777778,0.9773410284682642,0.13592233009708737,ELECTRE-III,1
118,0184,2,0,"[28.271908333299468, -81.06440752280899]","[np.float64(27.32515845053345), np.float64(-80.26028845491872)]",2026-06-13 15:38:20,330.5918992225013,1,6.925575150920803,131.67515797041082,10.743237743902998,66.44982443497602,8.442618806246042,4,4,3,1496,4,0.7465277777777778,0.9773410284682642,0.13592233009708737,ELECTRE-III,1
119,0179,1,0,"[27.67174814866691, -81.21675489224612]","[np.float64(29.7478931171751), np.float64(-80.98193319510803)]",2026-06-13 15:38:30,927.8929809486823,1,5.319718495885655,231.98998871812202,18.483726354247132,65.5725754285471,15.068078687398678,4,4,3,873,6,0.746875,17.308703687398676,0.3932038834951456,ELECTRE-III,1
120,0184,2,0,"[27.67174814866691, -81.21675489224612]","[np.float64(27.32515845053345), np.float64(-80.26028845491872)]",2026-06-13 15:38:30,330.5918992225013,1,6.925575150920803,101.90670191818343,8.353592619331588,66.48672111687243,13.442618806246042,4,4,3,1496,4,0.746875,9.708243806246042,0.13592233009708737,ELECTRE-III,1
120,0184,2,0,"[27.67174814866691, -81.21675489224612]","[np.float64(27.32515845053345), np.float64(-80.26028845491872)]",2026-06-13 15:38:30,330.5918992225013,1,6.925575150920803,101.90670191818343,8.353592619331588,66.48672111687243,13.442618806246042,4,4,3,1496,4,0.746875,9.708243806246042,0.13592233009708737,ELECTRE-III,1
121,0179,1,0,"[27.071506001764313, -81.36789331820016]","[np.float64(29.7478931171751), np.float64(-80.98193319510803)]",2026-06-13 15:38:40,927.8929809486823,1,5.319718495885655,299.9847582524807,23.376641201014387,65.60826999714958,15.068078687398678,4,4,3,873,6,0.7472222222222222,12.826412020732011,0.3932038834951456,ELECTRE-III,1
122,0184,2,0,"[27.071506001764313, -81.36789331820016]","[np.float64(27.32515845053345), np.float64(-80.26028845491872)]",2026-06-13 15:38:40,330.5918992225013,1,6.925575150920803,113.11467682782923,9.257205955329134,66.523624628958,9.442618806246042,4,4,3,1496,4,0.7472222222222222,1.9703965840238196,0.13592233009708737,ELECTRE-III,1
122,0184,2,0,"[27.071506001764313, -81.36789331820016]","[np.float64(27.32515845053345), np.float64(-80.26028845491872)]",2026-06-13 15:38:40,330.5918992225013,1,6.925575150920803,113.11467682782923,9.257205955329134,66.523624628958,9.442618806246042,4,4,3,1496,4,0.7472222222222222,1.9703965840238196,0.13592233009708737,ELECTRE-III,1
123,0179,1,0,"[26.47119043032814, -81.5178706119953]","[np.float64(29.7478931171751), np.float64(-80.98193319510803)]",2026-06-13 15:38:50,927.8929809486823,1,5.319718495885655,368.12347723074123,27.943146409974467,65.64396456575207,13.068078687398678,4,4,3,873,6,0.7475694444444444,8.582662020732013,0.3932038834951456,ELECTRE-III,1
124,0184,2,0,"[26.47119043032814, -81.5178706119953]","[np.float64(27.32515845053345), np.float64(-80.26028845491872)]",2026-06-13 15:38:50,330.5918992225013,1,6.925575150920803,156.74295494697293,12.726969722563648,66.56052131085441,10.442618806246042,4,4,3,1496,4,0.7475694444444444,5.209632695134931,0.13592233009708737,ELECTRE-III,1
124,0184,2,0,"[26.47119043032814, -81.5178706119953]","[np.float64(27.32515845053345), np.float64(-80.26028845491872)]",2026-06-13 15:38:50,330.5918992225013,1,6.925575150920803,156.74295494697293,12.726969722563648,66.56052131085441,10.442618806246042,4,4,3,1496,4,0.7475694444444444,5.209632695134931,0.13592233009708737,ELECTRE-III,1
125,0184,2,0,"[25.870799726811093, -81.66671409438823]","[np.float64(27.32515845053345), np.float64(-80.26028845491872)]",2026-06-13 15:39:00,330.5918992225013,1,6.925575150920803,213.78715184442316,17.121482939953736,66.59741799275083,10.442618806246042,4,4,3,1496,4,0.7479166666666667,14.930118806246043,0.13592233009708737,ELECTRE-III,1
125,0184,2,0,"[25.870799726811093, -81.66671409438823]","[np.float64(27.32515845053345), np.float64(-80.26028845491872)]",2026-06-13 15:39:00,330.5918992225013,1,6.925575150920803,213.78715184442316,17.121482939953736,66.59741799275083,10.442618806246042,4,4,3,1496,4,0.7479166666666667,14.930118806246043,0.13592233009708737,ELECTRE-III,1
126,0184,2,0,"[25.270340721402345, -81.81447840689228]","[np.float64(27.32515845053345), np.float64(-80.26028845491872)]",2026-06-13 15:39:10,330.5918992225013,1,6.925575150920803,276.0524199904045,21.691181512265498,66.63431467464724,8.442618806246042,4,4,3,1496,4,0.7482638888888888,9.190882695134931,0.13592233009708737,ELECTRE-III,1
127,0184,2,0,"[24.669815121649194, -81.96119087026415]","[np.float64(27.32515845053345), np.float64(-80.26028845491872)]",2026-06-13 15:39:20,330.5918992225013,1,6.925575150920803,340.6874452726674,26.146610799635447,66.67120452635447,12.442618806246042,4,4,3,1496,4,0.7486111111111111,8.699563250690487,0.13592233009708737,ELECTRE-III,1
128,0184,2,0,"[24.069224635098923, -82.10689929582803]","[np.float64(27.32515845053345), np.float64(-80.26028845491872)]",2026-06-13 15:39:30,330.5918992225013,1,6.925575150920803,406.56394707419526,30.362924237680858,66.70810120825088,10.442618806246042,4,4,3,1496,4,0.7489583333333333,8.944702139579375,0.13592233009708737,ELECTRE-III,1
129,0077,0,0,"[12.64908089471955, -84.72722623882255]","[np.float64(9.278166332601291), np.float64(-84.83392999348334)]",2026-06-13 15:42:40,318.9668679633517,1,2.9322194847258096,375.01002056734535,28.385025140423846,58.79896754561873,13.817158925093404,4,4,3,1335,13,0.7555555555555555,18.350492258426737,0.9514563106796117,ELECTRE-III,1
130,0077,0,0,"[12.047700667546499, -84.85932892755977]","[np.float64(9.278166332601291), np.float64(-84.83392999348334)]",2026-06-13 15:42:50,318.9668679633517,1,2.9322194847258096,307.9711062306923,23.92984839107921,58.83451185005948,13.817158925093404,4,4,3,1335,13,0.7559027777777778,7.769936702871181,0.9514563106796117,ELECTRE-III,1
131,0077,0,0,"[11.446300803579584, -84.99102863513596]","[np.float64(9.278166332601291), np.float64(-84.83392999348334)]",2026-06-13 15:43:00,318.9668679633517,1,2.9322194847258096,241.69743204669197,19.201550797243176,58.870049324311054,9.817158925093404,4,4,3,1335,13,0.75625,16.623408925093404,0.9514563106796117,ELECTRE-III,1
132,0077,0,0,"[10.84488471791339, -85.12233902192945]","[np.float64(9.278166332601291), np.float64(-84.83392999348334)]",2026-06-13 15:43:10,318.9668679633517,1,2.9322194847258096,177.04973946092795,14.311732931479144,58.90557313818429,13.817158925093404,4,4,3,1335,13,0.7565972222222223,6.251186702871181,0.9514563106796117,ELECTRE-III,1
133,0077,0,0,"[10.243452410547917, -85.2532942388861]","[np.float64(9.278166332601291), np.float64(-84.83392999348334)]",2026-06-13 15:43:20,318.9668679633517,1,2.9322194847258096,116.75930491127458,9.550068572464884,58.941090121868356,11.817158925093404,4,4,3,1335,13,0.7569444444444444,17.115770036204516,0.9514563106796117,ELECTRE-III,1
134,0077,0,0,"[9.642006442804105, -85.38390794638426]","[np.float64(9.278166332601291), np.float64(-84.83392999348334)]",2026-06-13 15:43:30,318.9668679633517,1,2.9322194847258096,72.63371896885894,5.974797918817679,58.97659344517408,17.817158925093402,4,4,3,1335,13,0.7572916666666667,17.059867258426735,0.9514563106796117,ELECTRE-III,1
135,0077,0,0,"[9.040548522229244, -85.51420063499143]","[np.float64(9.278166332601291), np.float64(-84.83392999348334)]",2026-06-13 15:43:40,318.9668679633517,1,2.9322194847258096,79.2145891490666,6.511676913840315,59.012089938290636,14.817158925093404,4,4,3,1335,13,0.7576388888888889,8.756047813982292,0.9514563106796117,ELECTRE-III,1
136,0077,0,0,"[8.439079502596982, -85.64419962546428]","[np.float64(9.278166332601291), np.float64(-84.83392999348334)]",2026-06-13 15:43:50,318.9668679633517,1,2.9322194847258096,128.95855499968044,10.526597349174171,59.047579601218025,16.817158925093402,4,4,3,1335,13,0.7579861111111111,19.091117258426735,0.9514563106796117,ELECTRE-III,1
137,0077,0,0,"[7.837601945228258, -85.77391857818115]","[np.float64(9.278166332601291), np.float64(-84.83392999348334)]",2026-06-13 15:44:00,318.9668679633517,1,2.9322194847258096,190.63356361337796,15.359637518134384,59.08305560376707,16.817158925093402,4,4,3,1335,13,0.7583333333333333,22.125492258426736,0.9514563106796117,ELECTRE-III,1
138,0077,0,0,"[7.236116703896718, -85.90338481389875]","[np.float64(9.278166332601291), np.float64(-84.83392999348334)]",2026-06-13 15:44:10,318.9668679633517,1,2.9322194847258096,255.74829199518723,20.22951750058156,59.118517945937775,14.817158925093404,4,4,3,1335,13,0.7586805555555556,7.989033925093404,0.9514563106796117,ELECTRE-III,1
139,0077,0,0,"[6.634625913036476, -86.03261882318456]","[np.float64(9.278166332601291), np.float64(-84.83392999348334)]",2026-06-13 15:44:20,318.9668679633517,1,2.9322194847258096,322.22342183030054,24.90538931375345,59.153973457919314,18.817158925093402,4,4,3,1335,13,0.7590277777777777,11.985908925093401,0.9514563106796117,ELECTRE-III,1
140,0077,0,0,"[6.033130426421181, -86.16163426641693]","[np.float64(9.278166332601291), np.float64(-84.83392999348334)]",2026-06-13 15:44:30,318.9668679633517,1,2.9322194847258096,389.3619725463902,29.294181637326503,59.18942213971168,18.817158925093402,4,4,3,1335,13,0.759375,23.3734089250934,0.9514563106796117,ELECTRE-III,1
141,0038,0,0,"[43.0365301866301, -101.45914747879196]","[np.float64(40.33709396384561), np.float64(-104.2016485672987)]",2026-06-13 17:13:00,419.64903174322717,1,7.676093631610172,376.72976718647163,28.494803904236942,62.259161869714696,23.809800826651205,1,1,1,1110,9,0.94375,14.372300826651205,0.5,ELECTRE-III,1
142,0038,0,0,"[42.43976972865692, -101.66090443668497]","[np.float64(40.33709396384561), np.float64(-104.2016485672987)]",2026-06-13 17:13:10,419.64903174322717,1,7.676093631610172,315.5501627659726,24.45049676719851,62.28660556979981,24.809800826651205,1,1,1,1110,9,0.9440972222222223,24.809800826651205,0.5,ELECTRE-III,1
143,0038,0,0,"[41.84279411972488, -101.85963562077566]","[np.float64(40.33709396384561), np.float64(-104.2016485672987)]",2026-06-13 17:13:20,419.64903174322717,1,7.676093631610172,257.96360354939105,20.390376218011586,62.31403560950658,21.809800826651205,1,1,1,1110,9,0.9444444444444444,26.532023048873427,0.5,ELECTRE-III,1
144,0069,0,0,"[41.84279411972488, -101.85963562077566]","[np.float64(39.80394266104254), np.float64(-105.3320988949999)]",2026-06-13 17:13:20,470.4028509127045,1,7.730386383523442,369.77208410783464,28.049262315907004,61.81715300776649,25.184340945498565,1,1,1,1139,14,0.9444444444444444,24.239896501054123,1.0,ELECTRE-III,1
145,0038,0,0,"[41.24561360511774, -102.05546397446909]","[np.float64(40.33709396384561), np.float64(-104.2016485672987)]",2026-06-13 17:13:30,419.64903174322717,1,7.676093631610172,206.99245337081533,16.607738515489224,62.34144515864584,22.809800826651205,1,1,1,1110,9,0.9447916666666667,15.251467493317872,0.5,ELECTRE-III,1
146,0069,0,0,"[41.24561360511774, -102.05546397446909]","[np.float64(39.80394266104254), np.float64(-105.3320988949999)]",2026-06-13 17:13:30,470.4028509127045,1,7.730386383523442,319.9638276314285,24.751732508435655,61.84542999093035,20.184340945498565,1,1,1,1139,14,0.9447916666666667,22.0739242788319,1.0,ELECTRE-III,1
147,0038,0,0,"[40.64823843011926, -102.24850561098117]","[np.float64(40.33709396384561), np.float64(-104.2016485672987)]",2026-06-13 17:13:40,419.64903174322717,1,7.676093631610172,168.74380708863484,13.666084286858611,62.36884104740676,25.809800826651205,1,1,1,1110,9,0.9451388888888889,22.02924527109565,0.5,ELECTRE-III,1
148,0069,0,0,"[40.64823843011926, -102.24850561098117]","[np.float64(39.80394266104254), np.float64(-105.3320988949999)]",2026-06-13 17:13:40,470.4028509127045,1,7.730386383523442,278.09510721197364,21.83663826165428,61.873700143905026,27.184340945498565,1,1,1,1139,14,0.9451388888888889,20.568368723276343,1.0,ELECTRE-III,1
149,0038,0,0,"[40.050672009824005, -102.43884932277108]","[np.float64(40.33709396384561), np.float64(-104.2016485672987)]",2026-06-13 17:13:50,419.64903174322717,1,7.676093631610172,153.0755922841862,12.438566657098814,62.396223275789346,19.809800826651205,1,1,1,1110,9,0.9454861111111111,10.354939715540095,0.5,ELECTRE-III,1
150,0069,0,0,"[40.050672009824005, -102.43884932277108]","[np.float64(39.80394266104254), np.float64(-105.3320988949999)]",2026-06-13 17:13:50,470.4028509127045,1,7.730386383523442,248.21968778922266,19.68036503545787,61.9019498063122,26.184340945498565,1,1,1,1139,14,0.9454861111111111,29.0207992788319,1.0,ELECTRE-III,1
151,0038,0,0,"[39.45292800461034, -102.62661122305472]","[np.float64(40.33709396384561), np.float64(-104.2016485672987)]",2026-06-13 17:14:00,419.64903174322717,1,7.676093631610172,166.4905175259938,13.490309191141199,62.423585013604416,18.809800826651205,1,1,1,1110,9,0.9458333333333333,22.593134159984537,0.5,ELECTRE-III,1
152,0069,0,0,"[39.45292800461034, -102.62661122305472]","[np.float64(39.80394266104254), np.float64(-105.3320988949999)]",2026-06-13 17:14:00,470.4028509127045,1,7.730386383523442,234.95836216456996,18.70387552976596,61.93018580834104,20.184340945498565,1,1,1,1139,14,0.9458333333333333,11.671840945498566,1.0,ELECTRE-III,1
153,0038,0,0,"[38.85500982957284, -102.81188010429132]","[np.float64(40.33709396384561), np.float64(-104.2016485672987)]",2026-06-13 17:14:10,419.64903174322717,1,7.676093631610172,203.31295621786242,16.328376234539043,62.45093309104114,22.809800826651205,1,1,1,1110,9,0.9461805555555556,30.379245271095648,0.5,ELECTRE-III,1
154,0069,0,0,"[38.85500982957284, -102.81188010429132]","[np.float64(39.80394266104254), np.float64(-105.3320988949999)]",2026-06-13 17:14:10,470.4028509127045,1,7.730386383523442,241.0709430217051,19.15541050332161,61.95840814999153,27.184340945498565,1,1,1,1139,14,0.9461805555555556,32.8614242788319,1.0,ELECTRE-III,1
155,0038,0,0,"[38.25692431490067, -102.99475841931842]","[np.float64(40.33709396384561), np.float64(-104.2016485672987)]",2026-06-13 17:14:20,419.64903174322717,1,7.676093631610172,253.54242416237867,20.069013100198404,62.47826067791037,19.809800826651205,1,1,1,1110,9,0.9465277777777777,18.863273048873427,0.5,ELECTRE-III,1
156,0069,0,0,"[38.25692431490067, -102.99475841931842]","[np.float64(39.80394266104254), np.float64(-105.3320988949999)]",2026-06-13 17:14:20,470.4028509127045,1,7.730386383523442,265.2220290475032,20.915071731115052,61.98661683126368,24.184340945498565,1,1,1,1139,14,0.9465277777777777,27.970452056609677,1.0,ELECTRE-III,1
157,0038,0,0,"[37.658674875688426, -103.17532813040604]","[np.float64(40.33709396384561), np.float64(-104.2016485672987)]",2026-06-13 17:14:30,419.64903174322717,1,7.676093631610172,310.7456650661651,24.12094160997554,62.50557460440125,21.809800826651205,1,1,1,1110,9,0.946875,21.809800826651205,0.5,ELECTRE-III,1
158,0069,0,0,"[37.658674875688426, -103.17532813040604]","[np.float64(39.80394266104254), np.float64(-105.3320988949999)]",2026-06-13 17:14:30,470.4028509127045,1,7.730386383523442,303.13230424136964,23.59522736999847,62.01480502196832,23.184340945498565,1,1,1,1139,14,0.946875,13.715590945498565,1.0,ELECTRE-III,1
159,0038,0,0,"[37.06027517231444, -103.35367119982425]","[np.float64(40.33709396384561), np.float64(-104.2016485672987)]",2026-06-13 17:14:40,419.64903174322717,1,7.676093631610172,371.7171576466097,28.174192107836376,62.53287487051379,23.809800826651205,1,1,1,1110,9,0.9472222222222222,24.757023048873428,0.5,ELECTRE-III,1
160,0069,0,0,"[37.06027517231444, -103.35367119982425]","[np.float64(39.80394266104254), np.float64(-105.3320988949999)]",2026-06-13 17:14:40,470.4028509127045,1,7.730386383523442,350.3641856641336,26.78681446363149,62.0429863824838,23.184340945498565,1,1,1,1139,14,0.9472222222222222,19.395452056609678,1.0,ELECTRE-III,1
161,0069,0,0,"[36.4617286198733, -103.52987642003224]","[np.float64(39.80394266104254), np.float64(-105.3320988949999)]",2026-06-13 17:14:50,470.4028509127045,1,7.730386383523442,403.6593184120018,30.1840666580838,62.07114725243176,22.184340945498565,1,1,1,1139,14,0.9475694444444445,17.446493723276344,1.0,ELECTRE-III,1
162,0071,0,0,"[35.264208628167886, -103.87617384114105]","[np.float64(32.26335503153177), np.float64(-102.2535479307044)]",2026-06-13 17:15:10,49.704124408816234,1,4.250646219909894,365.8262421704489,27.79493190154479,67.40606457915615,19.188019994719667,4,4,3,631,11,0.9482638888888889,22.98107555027522,0.6262135922330098,ELECTRE-III,1
163,0071,0,0,"[34.66524884928196, -104.04640947601445]","[np.float64(32.26335503153177), np.float64(-102.2535479307044)]",2026-06-13 17:15:20,49.704124408816234,1,4.250646219909894,314.6108509634723,24.386201097849014,67.43963495892676,18.188019994719667,4,4,3,631,11,0.9486111111111111,15.342186661386334,0.6262135922330098,ELECTRE-III,1
164,0071,0,0,"[34.06616271189639, -104.21480095981194]","[np.float64(32.26335503153177), np.float64(-102.2535479307044)]",2026-06-13 17:15:30,49.704124408816234,1,4.250646219909894,271.1183230501453,21.33861941458958,67.47319167831903,19.188019994719667,4,4,3,631,11,0.9489583333333333,23.932811661386335,0.6262135922330098,ELECTRE-III,1
165,0071,0,0,"[33.466957046200335, -104.38140976423607]","[np.float64(32.26335503153177), np.float64(-102.2535479307044)]",2026-06-13 17:15:40,49.704124408816234,1,4.250646219909894,239.59168062985532,19.046361875198066,67.50674156752214,17.188019994719667,4,4,3,631,11,0.9493055555555555,16.238714439164113,0.6262135922330098,ELECTRE-III,1
166,0071,0,0,"[32.86763185219382, -104.5463041911785]","[np.float64(32.26335503153177), np.float64(-102.2535479307044)]",2026-06-13 17:15:50,49.704124408816234,1,4.250646219909894,225.11557538242897,17.971716468890534,67.54028462653606,18.188019994719667,4,4,3,631,11,0.9496527777777778,23.885936661386335,0.6262135922330098,ELECTRE-III,1
167,0071,0,0,"[32.26819737516057, -104.70953888215264]","[np.float64(32.26335503153177), np.float64(-102.2535479307044)]",2026-06-13 17:16:00,49.704124408816234,1,4.250646219909894,230.91874909271536,18.404138499438208,67.57381402517166,23.188019994719667,4,4,3,631,11,0.95,30.78801999471967,0.6262135922330098,ELECTRE-III,1
168,0071,0,0,"[31.668653615100606, -104.87118213905016]","[np.float64(32.26335503153177), np.float64(-102.2535479307044)]",2026-06-13 17:16:10,49.704124408816234,1,4.250646219909894,255.624226910422,20.22049898102554,67.60733659361809,25.188019994719667,4,4,3,631,11,0.9503472222222222,19.485936661386333,0.6262135922330098,ELECTRE-III,1
169,0071,0,0,"[31.06900740220309, -105.0312749430061]","[np.float64(32.26335503153177), np.float64(-102.2535479307044)]",2026-06-13 17:16:20,49.704124408816234,1,4.250646219909894,294.51143025444253,22.994816722457823,67.64084550168617,25.188019994719667,4,4,3,631,11,0.9506944444444444,23.28663110583078,0.6262135922330098,ELECTRE-III,1
170,0053,0,0,"[30.469258736468028, -105.18989242610131]","[np.float64(26.87769369263977), np.float64(-105.8612376757188)]",2026-06-13 17:16:30,898.8383248360243,2,6.271612518163372,404.6960937744483,30.247982719840486,65.53328135025201,15.442618806246042,3,3,3,1312,13,0.9510416666666667,5.932202139579376,0.9514563106796117,ELECTRE-III,1
171,0071,0,0,"[30.469258736468028, -105.18989242610131]","[np.float64(32.26335503153177), np.float64(-102.2535479307044)]",2026-06-13 17:16:30,49.704124408816234,1,4.250646219909894,342.7887885784104,26.28623872098284,67.67435440975424,25.188019994719667,4,4,3,631,11,0.9510416666666667,15.677603328053001,0.6262135922330098,ELECTRE-III,1
172,0053,0,0,"[29.869414448084584, -105.34706873928164]","[np.float64(26.87769369263977), np.float64(-105.8612376757188)]",2026-06-13 17:16:40,898.8383248360243,2,6.271612518163372,336.44501466024303,25.8636940431368,65.57039659820187,12.442618806246042,3,3,3,1312,13,0.9513888888888888,17.19956325069049,0.9514563106796117,ELECTRE-III,1
173,0071,0,0,"[29.869414448084584, -105.34706873928164]","[np.float64(32.26335503153177), np.float64(-102.2535479307044)]",2026-06-13 17:16:40,49.704124408816234,1,4.250646219909894,397.0442121620717,29.77429710702008,67.70784965744399,24.188019994719667,4,4,3,631,11,0.9513888888888888,21.333853328053,0.6262135922330098,ELECTRE-III,1
174,0053,0,0,"[29.269481367241927, -105.50286535424962]","[np.float64(26.87769369263977), np.float64(-105.8612376757188)]",2026-06-13 17:16:50,898.8383248360243,2,6.271612518163372,268.26856307397094,21.134215137033028,65.60750501596254,15.442618806246042,3,3,3,1312,13,0.9517361111111111,5.925257695134931,0.9514563106796117,ELECTRE-III,1
175,0053,0,0,"[28.66945949394006, -105.65733008232947]","[np.float64(26.87769369263977), np.float64(-105.8612376757188)]",2026-06-13 17:17:00,898.8383248360243,2,6.271612518163372,200.24286484680889,16.094669576558353,65.64461343372322,17.442618806246042,3,3,3,1312,13,0.9520833333333333,11.730118806246043,0.9514563106796117,ELECTRE-III,1
176,007,0,0,"[28.06935053572628, -105.81051073484534]","[np.float64(27.09116414667865), np.float64(-109.4127318698908)]",2026-06-13 17:17:10,204.7583549914579,1,3.597522112006194,371.3006189399701,28.147462806330218,62.51239796338209,18.188019994719667,2,2,2,1416,11,0.9524305555555556,10.568575550275224,0.6262135922330098,ELECTRE-III,1
177,0053,0,0,"[28.06935053572628, -105.81051073484534]","[np.float64(26.87769369263977), np.float64(-105.8612376757188)]",2026-06-13 17:17:10,898.8383248360243,2,6.271612518163372,132.60084620686257,10.816987792703879,65.6817218514839,20.442618806246042,3,3,3,1312,13,0.9524305555555556,25.20477158402382,0.9514563106796117,ELECTRE-III,1
178,007,0,0,"[27.46916132278975, -105.96244829293228]","[np.float64(27.09116414667865), np.float64(-109.4127318698908)]",2026-06-13 17:17:20,204.7583549914579,1,3.597522112006194,343.55186294325284,26.33685973772592,62.54946540000775,15.188019994719667,2,2,2,1416,11,0.9527777777777777,9.471353328053,0.6262135922330098,ELECTRE-III,1
179,0053,0,0,"[27.46916132278975, -105.96244829293228]","[np.float64(26.87769369263977), np.float64(-105.8612376757188)]",2026-06-13 17:17:20,898.8383248360243,2,6.271612518163372,66.52598427186219,5.475572175186381,65.71883026924458,16.442618806246042,3,3,3,1312,13,0.9527777777777777,19.300952139579376,0.9514563106796117,ELECTRE-III,1
180,007,0,0,"[26.868893562677762, -106.11319056791446]","[np.float64(27.09116414667865), np.float64(-109.4127318698908)]",2026-06-13 17:17:30,204.7583549914579,1,3.597522112006194,327.88505396105984,25.288713271020697,62.58653283663341,17.188019994719667,2,2,2,1416,11,0.953125,21.000519994719667,0.6262135922330098,ELECTRE-III,1
181,0053,0,0,"[26.868893562677762, -106.11319056791446]","[np.float64(26.87769369263977), np.float64(-105.8612376757188)]",2026-06-13 17:17:30,898.8383248360243,2,6.271612518163372,25.009582629515563,2.0638670244349826,65.75593868700525,11.442618806246042,3,3,3,1312,13,0.953125,14.301993806246042,0.9514563106796117,ELECTRE-III,1
182,007,0,0,"[26.268550670484906, -106.2627785409269]","[np.float64(27.09116414667865), np.float64(-109.4127318698908)]",2026-06-13 17:17:40,204.7583549914579,1,3.597522112006194,326.0479349377902,25.164593468354738,62.623607103448236,16.188019994719667,2,2,2,1416,11,0.9534722222222223,10.467186661386334,0.6262135922330098,ELECTRE-III,1
183,0053,0,0,"[26.268550670484906, -106.2627785409269]","[np.float64(26.87769369263977), np.float64(-105.8612376757188)]",2026-06-13 17:17:40,898.8383248360243,2,6.271612518163372,78.62859595124277,6.463915702690637,65.79304710476593,20.442618806246042,3,3,3,1312,13,0.9534722222222223,25.209979917357153,0.9514563106796117,ELECTRE-III,1
184,007,0,0,"[25.668136061305766, -106.41125319310464]","[np.float64(27.09116414667865), np.float64(-109.4127318698908)]",2026-06-13 17:17:50,204.7583549914579,1,3.597522112006194,338.2670727515595,25.985369377565227,62.6606745400739,17.188019994719667,2,2,2,1416,11,0.9538194444444444,13.372742216941889,0.6262135922330098,ELECTRE-III,1
185,0053,0,0,"[25.668136061305766, -106.41125319310464]","[np.float64(26.87769369263977), np.float64(-105.8612376757188)]",2026-06-13 17:17:50,898.8383248360243,2,6.271612518163372,145.24719384243073,11.820806541062572,65.83015552252661,14.442618806246042,3,3,3,1312,13,0.9538194444444444,4.904424361801597,0.9514563106796117,ELECTRE-III,1
186,007,0,0,"[25.067653150234925, -106.55865550558269]","[np.float64(27.09116414667865), np.float64(-109.4127318698908)]",2026-06-13 17:18:00,204.7583549914579,1,3.597522112006194,363.12716996731524,27.62027356815491,62.69774197669956,17.188019994719667,2,2,2,1416,11,0.9541666666666667,16.233853328053,0.6262135922330098,ELECTRE-III,1
187,0053,0,0,"[25.067653150234925, -106.55865550558269]","[np.float64(26.87769369263977), np.float64(-105.8612376757188)]",2026-06-13 17:18:00,898.8383248360243,2,6.271612518163372,212.99866591924078,17.062009474444924,65.86725711009812,16.442618806246042,3,3,3,1312,13,0.9541666666666667,10.71761880624604,0.9514563106796117,ELECTRE-III,1
188,007,0,0,"[24.467105352366968, -106.70502645949607]","[np.float64(27.09116414667865), np.float64(-109.4127318698908)]",2026-06-13 17:18:10,204.7583549914579,1,3.597522112006194,398.26874740065904,29.85040536374031,62.734809413325216,16.188019994719667,2,2,2,1416,11,0.9545138888888889,7.597394994719668,0.6262135922330098,ELECTRE-III,1
189,0053,0,0,"[24.467105352366968, -106.70502645949607]","[np.float64(26.87769369263977), np.float64(-105.8612376757188)]",2026-06-13 17:18:10,898.8383248360243,2,6.271612518163372,281.06506096959913,22.047597160744132,65.9043655278588,14.442618806246042,3,3,3,1312,13,0.9545138888888889,13.488104917357154,0.9514563106796117,ELECTRE-III,1
190,0053,0,0,"[23.8664926677019, -106.85040703597979]","[np.float64(26.87769369263977), np.float64(-105.8612376757188)]",2026-06-13 17:18:20,898.8383248360243,2,6.271612518163372,349.2627426082398,26.71430356723125,65.94146711543031,20.442618806246042,3,3,3,1312,13,0.9548611111111112,28.08150769513493,0.9514563106796117,ELECTRE-III,1
