index,ID,satellite,time,score_scenario,selected
0,0167,0,2026-06-13 10:33:50,0.5189573459715640,0
1,0167,0,2026-06-13 10:34:00,0.5189573459715640,0
2,0167,0,2026-06-13 10:34:10,0.5189573459715640,0
3,0391,0,2026-06-13 10:34:10,0.1931279620853081,0
4,0167,0,2026-06-13 10:34:20,0.5189573459715640,0
5,0194,0,2026-06-13 10:34:20,0.6125592417061612,0
6,0391,0,2026-06-13 10:34:20,0.1931279620853081,0
7,0167,0,2026-06-13 10:34:30,0.5189573459715640,0
8,0194,0,2026-06-13 10:34:30,0.6125592417061612,0
9,0391,0,2026-06-13 10:34:30,0.1931279620853081,0
10,0167,0,2026-06-13 10:34:40,0.5189573459715640,0
11,0194,0,2026-06-13 10:34:40,0.6125592417061612,0
12,0391,0,2026-06-13 10:34:40,0.1931279620853081,0
13,0167,0,2026-06-13 10:34:50,0.5189573459715640,0
14,0194,0,2026-06-13 10:34:50,0.6125592417061612,0
15,0391,0,2026-06-13 10:34:50,0.1931279620853081,0
16,0167,0,2026-06-13 10:35:00,0.5189573459715640,0
17,0194,0,2026-06-13 10:35:00,0.6125592417061612,0
18,0391,0,2026-06-13 10:35:00,0.1931279620853081,0
19,0167,0,2026-06-13 10:35:10,0.5189573459715640,0
20,0194,0,2026-06-13 10:35:10,0.6125592417061612,0
21,0306,0,2026-06-13 10:35:10,0.6528436018957346,1
22,0391,0,2026-06-13 10:35:10,0.1931279620853081,0
23,0167,0,2026-06-13 10:35:20,0.5189573459715640,0
24,0194,0,2026-06-13 10:35:20,0.6125592417061612,0
25,0306,0,2026-06-13 10:35:20,0.6528436018957346,0
26,0391,0,2026-06-13 10:35:20,0.1931279620853081,0
27,0194,0,2026-06-13 10:35:30,0.6125592417061612,0
28,0391,0,2026-06-13 10:35:30,0.1931279620853081,0
29,0194,0,2026-06-13 10:35:40,0.6125592417061612,0
30,0391,0,2026-06-13 10:35:40,0.1931279620853081,0
31,0391,0,2026-06-13 10:35:50,0.1931279620853081,1
32,0219,0,2026-06-13 10:38:10,1.0000000000000000,0
33,0219,0,2026-06-13 10:38:20,1.0000000000000000,0
34,0219,0,2026-06-13 10:38:30,1.0000000000000000,0
35,0357,0,2026-06-13 10:38:30,0.1931279620853081,0
36,0219,0,2026-06-13 10:38:40,1.0000000000000000,0
37,0311,0,2026-06-13 10:38:40,0.6125592417061612,0
38,0357,0,2026-06-13 10:38:40,0.1931279620853081,0
39,0493,0,2026-06-13 10:38:40,0.5189573459715640,0
40,0219,0,2026-06-13 10:38:50,1.0000000000000000,0
41,0311,0,2026-06-13 10:38:50,0.6125592417061612,0
42,0357,0,2026-06-13 10:38:50,0.1931279620853081,0
43,0493,0,2026-06-13 10:38:50,0.5189573459715640,0
44,0219,0,2026-06-13 10:39:00,1.0000000000000000,0
45,0311,0,2026-06-13 10:39:00,0.6125592417061612,0
46,0357,0,2026-06-13 10:39:00,0.1931279620853081,0
47,0493,0,2026-06-13 10:39:00,0.5189573459715640,0
48,0219,0,2026-06-13 10:39:10,1.0000000000000000,1
49,0311,0,2026-06-13 10:39:10,0.6125592417061612,0
50,0357,0,2026-06-13 10:39:10,0.1931279620853081,0
51,0493,0,2026-06-13 10:39:10,0.5189573459715640,0
52,0219,0,2026-06-13 10:39:20,1.0000000000000000,0
53,0311,0,2026-06-13 10:39:20,0.6125592417061612,0
54,0357,0,2026-06-13 10:39:20,0.1931279620853081,0
55,0493,0,2026-06-13 10:39:20,0.5189573459715640,0
56,0219,0,2026-06-13 10:39:30,1.0000000000000000,0
57,0311,0,2026-06-13 10:39:30,0.6125592417061612,0
58,0357,0,2026-06-13 10:39:30,0.1931279620853081,0
59,0493,0,2026-06-13 10:39:30,0.5189573459715640,0
60,0219,0,2026-06-13 10:39:40,1.0000000000000000,0
61,0311,0,2026-06-13 10:39:40,0.6125592417061612,0
62,0357,0,2026-06-13 10:39:40,0.1931279620853081,0
63,0493,0,2026-06-13 10:39:40,0.5189573459715640,0
64,0311,0,2026-06-13 10:39:50,0.6125592417061612,0
65,0357,0,2026-06-13 10:39:50,0.1931279620853081,0
66,0493,0,2026-06-13 10:39:50,0.5189573459715640,0
67,0311,0,2026-06-13 10:40:00,0.6125592417061612,0
68,0357,0,2026-06-13 10:40:00,0.1931279620853081,0
69,0493,0,2026-06-13 10:40:00,0.5189573459715640,1
70,0311,0,2026-06-13 10:40:10,0.6125592417061612,0
71,0357,0,2026-06-13 10:40:10,0.1931279620853081,0
72,0493,0,2026-06-13 10:40:10,0.5189573459715640,0
73,0311,0,2026-06-13 10:40:20,0.6125592417061612,0
74,0357,0,2026-06-13 10:40:20,0.1931279620853081,0
75,0493,0,2026-06-13 10:40:20,0.5189573459715640,0
76,0496,0,2026-06-13 10:40:20,0.1078199052132701,0
77,0493,0,2026-06-13 10:40:30,0.5189573459715640,0
78,0496,0,2026-06-13 10:40:30,0.1078199052132701,1
79,0496,0,2026-06-13 10:40:40,0.1078199052132701,0
80,0066,0,2026-06-13 10:40:50,0.3744075829383886,0
81,0496,0,2026-06-13 10:40:50,0.1078199052132701,0
82,0066,0,2026-06-13 10:41:00,0.3744075829383886,0
83,0496,0,2026-06-13 10:41:00,0.1078199052132701,0
84,0066,0,2026-06-13 10:41:10,0.3744075829383886,0
85,0496,0,2026-06-13 10:41:10,0.1078199052132701,0
86,0066,0,2026-06-13 10:41:20,0.3744075829383886,0
87,0496,0,2026-06-13 10:41:20,0.1078199052132701,0
88,0066,0,2026-06-13 10:41:30,0.3744075829383886,0
89,0496,0,2026-06-13 10:41:30,0.1078199052132701,0
90,0066,0,2026-06-13 10:41:40,0.3744075829383886,0
91,0496,0,2026-06-13 10:41:40,0.1078199052132701,0
92,0066,0,2026-06-13 10:41:50,0.3744075829383886,0
93,0496,0,2026-06-13 10:41:50,0.1078199052132701,0
94,0066,0,2026-06-13 10:42:00,0.3744075829383886,0
95,0496,0,2026-06-13 10:42:00,0.1078199052132701,0
96,0188,0,2026-06-13 10:44:30,0.5189573459715640,0
97,0188,0,2026-06-13 10:44:40,0.5189573459715640,0
98,0188,0,2026-06-13 10:44:50,0.5189573459715640,0
99,0188,0,2026-06-13 10:45:00,0.5189573459715640,0
100,0188,0,2026-06-13 10:45:10,0.5189573459715640,0
101,0188,0,2026-06-13 10:45:20,0.5189573459715640,1
102,0188,0,2026-06-13 10:45:30,0.5189573459715640,0
103,0188,0,2026-06-13 10:45:40,0.5189573459715640,0
104,0188,0,2026-06-13 10:45:50,0.5189573459715640,1
105,0065,0,2026-06-13 10:46:10,0.6528436018957346,0
106,0065,0,2026-06-13 10:46:20,0.6528436018957346,0
107,0404,0,2026-06-13 10:46:20,0.5189573459715640,0
108,0065,0,2026-06-13 10:46:30,0.6528436018957346,0
109,0404,0,2026-06-13 10:46:30,0.5189573459715640,0
110,0065,0,2026-06-13 10:46:40,0.6528436018957346,0
111,0404,0,2026-06-13 10:46:40,0.5189573459715640,0
112,0065,0,2026-06-13 10:46:50,0.6528436018957346,0
113,0404,0,2026-06-13 10:46:50,0.5189573459715640,0
114,0065,0,2026-06-13 10:47:00,0.6528436018957346,0
115,0404,0,2026-06-13 10:47:00,0.5189573459715640,0
116,0065,0,2026-06-13 10:47:10,0.6528436018957346,0
117,0404,0,2026-06-13 10:47:10,0.5189573459715640,0
118,0065,0,2026-06-13 10:47:20,0.6528436018957346,0
119,0404,0,2026-06-13 10:47:20,0.5189573459715640,0
120,0065,0,2026-06-13 10:47:30,0.6528436018957346,0
121,0404,0,2026-06-13 10:47:30,0.5189573459715640,0
122,0065,0,2026-06-13 10:47:40,0.6528436018957346,1
123,0404,0,2026-06-13 10:47:40,0.5189573459715640,0
124,0404,0,2026-06-13 10:47:50,0.5189573459715640,0
125,0404,0,2026-06-13 10:48:00,0.5189573459715640,0
126,0381,0,2026-06-13 12:30:00,1.0000000000000000,0
127,0381,0,2026-06-13 12:30:10,1.0000000000000000,0
128,0381,0,2026-06-13 12:30:20,1.0000000000000000,0
129,0132,0,2026-06-13 12:33:20,0.5189573459715640,1
130,0132,0,2026-06-13 12:33:30,0.5189573459715640,0
131,0132,0,2026-06-13 12:33:40,0.5189573459715640,0
132,0237,0,2026-06-13 12:33:40,0.3317535545023697,0
133,0106,0,2026-06-13 12:33:50,0.3317535545023697,0
134,0132,0,2026-06-13 12:33:50,0.5189573459715640,0
135,0237,0,2026-06-13 12:33:50,0.3317535545023697,0
136,0106,0,2026-06-13 12:34:00,0.3317535545023697,0
137,0132,0,2026-06-13 12:34:00,0.5189573459715640,0
138,0237,0,2026-06-13 12:34:00,0.3317535545023697,1
139,0287,0,2026-06-13 12:34:00,0.3317535545023697,0
140,0106,0,2026-06-13 12:34:10,0.3317535545023697,0
141,0132,0,2026-06-13 12:34:10,0.5189573459715640,0
142,0237,0,2026-06-13 12:34:10,0.3317535545023697,0
143,0287,0,2026-06-13 12:34:10,0.3317535545023697,0
144,0106,0,2026-06-13 12:34:20,0.3317535545023697,0
145,0132,0,2026-06-13 12:34:20,0.5189573459715640,0
146,0237,0,2026-06-13 12:34:20,0.3317535545023697,0
147,0287,0,2026-06-13 12:34:20,0.3317535545023697,0
148,0106,0,2026-06-13 12:34:30,0.3317535545023697,0
149,0132,0,2026-06-13 12:34:30,0.5189573459715640,0
150,0237,0,2026-06-13 12:34:30,0.3317535545023697,1
151,0287,0,2026-06-13 12:34:30,0.3317535545023697,0
152,0106,0,2026-06-13 12:34:40,0.3317535545023697,0
153,0132,0,2026-06-13 12:34:40,0.5189573459715640,0
154,0237,0,2026-06-13 12:34:40,0.3317535545023697,0
155,0287,0,2026-06-13 12:34:40,0.3317535545023697,0
156,0106,0,2026-06-13 12:34:50,0.3317535545023697,0
157,0132,0,2026-06-13 12:34:50,0.5189573459715640,0
158,0237,0,2026-06-13 12:34:50,0.3317535545023697,0
159,0287,0,2026-06-13 12:34:50,0.3317535545023697,0
160,0106,0,2026-06-13 12:35:00,0.3317535545023697,0
161,0132,0,2026-06-13 12:35:00,0.5189573459715640,0
162,0237,0,2026-06-13 12:35:00,0.3317535545023697,0
163,0287,0,2026-06-13 12:35:00,0.3317535545023697,0
164,0287,0,2026-06-13 12:35:10,0.3317535545023697,0
165,0287,0,2026-06-13 12:35:20,0.3317535545023697,0
166,0287,0,2026-06-13 12:35:30,0.3317535545023697,0
167,0287,0,2026-06-13 12:35:40,0.3317535545023697,0
168,0287,0,2026-06-13 12:35:50,0.3317535545023697,0
169,0297,0,2026-06-13 14:12:30,0.8566350710900474,0
170,0297,0,2026-06-13 14:12:40,0.8566350710900474,0
171,0297,0,2026-06-13 14:12:50,0.8566350710900474,1
172,0297,0,2026-06-13 14:13:00,0.8566350710900474,0
173,0297,0,2026-06-13 14:13:10,0.8566350710900474,0
174,0297,0,2026-06-13 14:13:20,0.8566350710900474,0
175,0297,0,2026-06-13 14:13:30,0.8566350710900474,0
176,0297,0,2026-06-13 14:13:40,0.8566350710900474,0
177,0297,0,2026-06-13 14:13:50,0.8566350710900474,0
178,0399,0,2026-06-13 14:15:40,0.6125592417061612,0
179,0210,0,2026-06-13 14:15:50,0.8566350710900474,0
180,0399,0,2026-06-13 14:15:50,0.6125592417061612,0
181,0210,0,2026-06-13 14:16:00,0.8566350710900474,0
182,0399,0,2026-06-13 14:16:00,0.6125592417061612,0
183,0210,0,2026-06-13 14:16:10,0.8566350710900474,0
184,0399,0,2026-06-13 14:16:10,0.6125592417061612,0
185,0210,0,2026-06-13 14:16:20,0.8566350710900474,0
186,0399,0,2026-06-13 14:16:20,0.6125592417061612,0
187,0210,0,2026-06-13 14:16:30,0.8566350710900474,0
188,0399,0,2026-06-13 14:16:30,0.6125592417061612,0
189,0210,0,2026-06-13 14:16:40,0.8566350710900474,0
190,0399,0,2026-06-13 14:16:40,0.6125592417061612,0
191,0210,0,2026-06-13 14:16:50,0.8566350710900474,0
192,0399,0,2026-06-13 14:16:50,0.6125592417061612,0
193,0210,0,2026-06-13 14:17:00,0.8566350710900474,0
194,0399,0,2026-06-13 14:17:00,0.6125592417061612,0
195,0210,0,2026-06-13 14:17:10,0.8566350710900474,0
196,0399,0,2026-06-13 14:17:10,0.6125592417061612,0
197,0210,0,2026-06-13 14:17:20,0.8566350710900474,0
198,0399,0,2026-06-13 14:17:20,0.6125592417061612,1
199,0210,0,2026-06-13 14:17:30,0.8566350710900474,0
200,0079,0,2026-06-13 15:12:00,0.5189573459715640,0
201,0079,0,2026-06-13 15:12:10,0.5189573459715640,0
202,0149,0,2026-06-13 15:32:40,0.6907582938388626,0
203,0149,0,2026-06-13 15:32:50,0.6907582938388626,0
204,0149,0,2026-06-13 15:33:00,0.6907582938388626,1
205,0149,0,2026-06-13 15:33:10,0.6907582938388626,0
206,0149,0,2026-06-13 15:33:20,0.6907582938388626,0
207,0149,0,2026-06-13 15:33:30,0.6907582938388626,0
208,0149,0,2026-06-13 15:33:40,0.6907582938388626,0
209,0149,0,2026-06-13 15:33:50,0.6907582938388626,0
210,0448,0,2026-06-13 15:33:50,0.1931279620853081,1
211,0055,0,2026-06-13 15:34:00,0.7902843601895735,0
212,0149,0,2026-06-13 15:34:00,0.6907582938388626,0
213,0448,0,2026-06-13 15:34:00,0.1931279620853081,1
214,0055,0,2026-06-13 15:34:10,0.7902843601895735,0
215,0149,0,2026-06-13 15:34:10,0.6907582938388626,0
216,0448,0,2026-06-13 15:34:10,0.1931279620853081,0
217,0485,0,2026-06-13 15:34:10,0.7902843601895735,0
218,0055,0,2026-06-13 15:34:20,0.7902843601895735,0
219,0149,0,2026-06-13 15:34:20,0.6907582938388626,0
220,0321,0,2026-06-13 15:34:20,0.7097156398104265,0
221,0448,0,2026-06-13 15:34:20,0.1931279620853081,0
222,0485,0,2026-06-13 15:34:20,0.7902843601895735,1
223,0055,0,2026-06-13 15:34:30,0.7902843601895735,0
224,0321,0,2026-06-13 15:34:30,0.7097156398104265,0
225,0448,0,2026-06-13 15:34:30,0.1931279620853081,0
226,0485,0,2026-06-13 15:34:30,0.7902843601895735,0
227,0055,0,2026-06-13 15:34:40,0.7902843601895735,0
228,0321,0,2026-06-13 15:34:40,0.7097156398104265,1
229,0448,0,2026-06-13 15:34:40,0.1931279620853081,0
230,0485,0,2026-06-13 15:34:40,0.7902843601895735,0
231,0043,0,2026-06-13 15:34:50,0.1931279620853081,0
232,0055,0,2026-06-13 15:34:50,0.7902843601895735,0
233,0321,0,2026-06-13 15:34:50,0.7097156398104265,0
234,0485,0,2026-06-13 15:34:50,0.7902843601895735,1
235,0043,0,2026-06-13 15:35:00,0.1931279620853081,0
236,0055,0,2026-06-13 15:35:00,0.7902843601895735,0
237,0321,0,2026-06-13 15:35:00,0.7097156398104265,0
238,0366,0,2026-06-13 15:35:00,1.0000000000000000,0
239,0485,0,2026-06-13 15:35:00,0.7902843601895735,0
240,0043,0,2026-06-13 15:35:10,0.1931279620853081,1
241,0055,0,2026-06-13 15:35:10,0.7902843601895735,0
242,0321,0,2026-06-13 15:35:10,0.7097156398104265,0
243,0366,0,2026-06-13 15:35:10,1.0000000000000000,0
244,0485,0,2026-06-13 15:35:10,0.7902843601895735,0
245,0043,0,2026-06-13 15:35:20,0.1931279620853081,0
246,0055,0,2026-06-13 15:35:20,0.7902843601895735,0
247,0366,0,2026-06-13 15:35:20,1.0000000000000000,0
248,0485,0,2026-06-13 15:35:20,0.7902843601895735,0
249,0043,0,2026-06-13 15:35:30,0.1931279620853081,0
250,0055,0,2026-06-13 15:35:30,0.7902843601895735,0
251,0366,0,2026-06-13 15:35:30,1.0000000000000000,0
252,0485,0,2026-06-13 15:35:30,0.7902843601895735,0
253,0055,0,2026-06-13 15:35:40,0.7902843601895735,0
254,0366,0,2026-06-13 15:35:40,1.0000000000000000,0
255,0055,0,2026-06-13 15:35:50,0.7902843601895735,0
256,0366,0,2026-06-13 15:35:50,1.0000000000000000,0
257,0432,0,2026-06-13 15:35:50,1.0000000000000000,0
258,0171,0,2026-06-13 15:36:00,0.0485781990521327,0
259,0366,0,2026-06-13 15:36:00,1.0000000000000000,0
260,0432,0,2026-06-13 15:36:00,1.0000000000000000,0
261,0171,0,2026-06-13 15:36:10,0.0485781990521327,0
262,0366,0,2026-06-13 15:36:10,1.0000000000000000,1
263,0432,0,2026-06-13 15:36:10,1.0000000000000000,0
264,0171,0,2026-06-13 15:36:20,0.0485781990521327,0
265,0366,0,2026-06-13 15:36:20,1.0000000000000000,0
266,0432,0,2026-06-13 15:36:20,1.0000000000000000,0
267,0171,0,2026-06-13 15:36:30,0.0485781990521327,0
268,0366,0,2026-06-13 15:36:30,1.0000000000000000,0
269,0432,0,2026-06-13 15:36:30,1.0000000000000000,0
270,0171,0,2026-06-13 15:36:40,0.0485781990521327,0
271,0366,0,2026-06-13 15:36:40,1.0000000000000000,1
272,0432,0,2026-06-13 15:36:40,1.0000000000000000,0
273,0171,0,2026-06-13 15:36:50,0.0485781990521327,0
274,0432,0,2026-06-13 15:36:50,1.0000000000000000,0
275,0171,0,2026-06-13 15:37:00,0.0485781990521327,0
276,0422,0,2026-06-13 15:37:00,0.3317535545023697,0
277,0432,0,2026-06-13 15:37:00,1.0000000000000000,0
278,0171,0,2026-06-13 15:37:10,0.0485781990521327,0
279,0422,0,2026-06-13 15:37:10,0.3317535545023697,0
280,0432,0,2026-06-13 15:37:10,1.0000000000000000,0
281,0171,0,2026-06-13 15:37:20,0.0485781990521327,0
282,0422,0,2026-06-13 15:37:20,0.3317535545023697,0
283,0432,0,2026-06-13 15:37:20,1.0000000000000000,0
284,0422,0,2026-06-13 15:37:30,0.3317535545023697,1
285,0422,0,2026-06-13 15:37:40,0.3317535545023697,0
286,0427,0,2026-06-13 15:37:40,0.1078199052132701,0
287,0422,0,2026-06-13 15:37:50,0.3317535545023697,0
288,0427,0,2026-06-13 15:37:50,0.1078199052132701,0
289,0422,0,2026-06-13 15:38:00,0.3317535545023697,0
290,0427,0,2026-06-13 15:38:00,0.1078199052132701,0
291,0422,0,2026-06-13 15:38:10,0.3317535545023697,0
292,0427,0,2026-06-13 15:38:10,0.1078199052132701,0
293,0422,0,2026-06-13 15:38:20,0.3317535545023697,0
294,0427,0,2026-06-13 15:38:20,0.1078199052132701,0
295,0422,0,2026-06-13 15:38:30,0.3317535545023697,0
296,0427,0,2026-06-13 15:38:30,0.1078199052132701,0
297,0422,0,2026-06-13 15:38:40,0.3317535545023697,0
298,0427,0,2026-06-13 15:38:40,0.1078199052132701,0
299,0422,0,2026-06-13 15:38:50,0.3317535545023697,0
300,0427,0,2026-06-13 15:38:50,0.1078199052132701,0
301,0427,0,2026-06-13 15:39:00,0.1078199052132701,0
302,0427,0,2026-06-13 15:39:10,0.1078199052132701,0
303,0427,0,2026-06-13 15:39:20,0.1078199052132701,1
304,0454,0,2026-06-13 15:39:20,1.0000000000000000,0
305,0427,0,2026-06-13 15:39:30,0.1078199052132701,0
306,0454,0,2026-06-13 15:39:30,1.0000000000000000,0
307,0454,0,2026-06-13 15:39:40,1.0000000000000000,0
308,0454,0,2026-06-13 15:39:50,1.0000000000000000,0
309,0454,0,2026-06-13 15:40:00,1.0000000000000000,0
310,0454,0,2026-06-13 15:40:10,1.0000000000000000,0
311,0454,0,2026-06-13 15:40:20,1.0000000000000000,0
312,0454,0,2026-06-13 15:40:30,1.0000000000000000,1
313,0130,0,2026-06-13 15:41:20,0.0485781990521327,0
314,0130,0,2026-06-13 15:41:30,0.0485781990521327,0
315,0130,0,2026-06-13 15:41:40,0.0485781990521327,0
316,0130,0,2026-06-13 15:41:50,0.0485781990521327,0
317,0130,0,2026-06-13 15:42:00,0.0485781990521327,0
318,0130,0,2026-06-13 15:42:10,0.0485781990521327,0
319,0130,0,2026-06-13 15:42:20,0.0485781990521327,0
320,0130,0,2026-06-13 15:42:30,0.0485781990521327,0
321,0010,0,2026-06-13 15:42:40,0.3317535545023697,0
322,0010,0,2026-06-13 15:42:50,0.3317535545023697,0
323,0010,0,2026-06-13 15:43:00,0.3317535545023697,0
324,0010,0,2026-06-13 15:43:10,0.3317535545023697,0
325,0010,0,2026-06-13 15:43:20,0.3317535545023697,0
326,0010,0,2026-06-13 15:43:30,0.3317535545023697,0
327,0010,0,2026-06-13 15:43:40,0.3317535545023697,0
328,0010,0,2026-06-13 15:43:50,0.3317535545023697,0
329,0010,0,2026-06-13 15:44:00,0.3317535545023697,0
330,0010,0,2026-06-13 15:44:10,0.3317535545023697,0
331,0010,0,2026-06-13 15:44:20,0.3317535545023697,0
332,0010,0,2026-06-13 15:44:30,0.3317535545023697,0
333,0263,0,2026-06-13 17:13:00,0.3317535545023697,0
334,0263,0,2026-06-13 17:13:10,0.3317535545023697,0
335,0263,0,2026-06-13 17:13:20,0.3317535545023697,0
336,0333,0,2026-06-13 17:13:20,0.6528436018957346,1
337,0263,0,2026-06-13 17:13:30,0.3317535545023697,0
338,0333,0,2026-06-13 17:13:30,0.6528436018957346,1
339,0263,0,2026-06-13 17:13:40,0.3317535545023697,0
340,0333,0,2026-06-13 17:13:40,0.6528436018957346,0
341,0263,0,2026-06-13 17:13:50,0.3317535545023697,0
342,0333,0,2026-06-13 17:13:50,0.6528436018957346,0
343,0263,0,2026-06-13 17:14:00,0.3317535545023697,0
344,0333,0,2026-06-13 17:14:00,0.6528436018957346,0
345,0263,0,2026-06-13 17:14:10,0.3317535545023697,0
346,0333,0,2026-06-13 17:14:10,0.6528436018957346,0
347,0263,0,2026-06-13 17:14:20,0.3317535545023697,0
348,0333,0,2026-06-13 17:14:20,0.6528436018957346,0
349,0263,0,2026-06-13 17:14:30,0.3317535545023697,0
350,0333,0,2026-06-13 17:14:30,0.6528436018957346,0
351,0263,0,2026-06-13 17:14:40,0.3317535545023697,0
352,0333,0,2026-06-13 17:14:40,0.6528436018957346,0
353,0333,0,2026-06-13 17:14:50,0.6528436018957346,0
354,0214,0,2026-06-13 17:15:10,0.7097156398104265,0
355,0214,0,2026-06-13 17:15:20,0.7097156398104265,0
356,0214,0,2026-06-13 17:15:30,0.7097156398104265,0
357,0214,0,2026-06-13 17:15:40,0.7097156398104265,0
358,0214,0,2026-06-13 17:15:50,0.7097156398104265,1
359,0214,0,2026-06-13 17:16:00,0.7097156398104265,0
360,0214,0,2026-06-13 17:16:10,0.7097156398104265,0
361,0214,0,2026-06-13 17:16:20,0.7097156398104265,0
362,0214,0,2026-06-13 17:16:30,0.7097156398104265,0
363,0283,0,2026-06-13 17:16:30,0.7902843601895735,0
364,0214,0,2026-06-13 17:16:40,0.7097156398104265,0
365,0283,0,2026-06-13 17:16:40,0.7902843601895735,0
366,0283,0,2026-06-13 17:16:50,0.7902843601895735,0
367,0283,0,2026-06-13 17:17:00,0.7902843601895735,0
368,0075,0,2026-06-13 17:17:10,0.8566350710900474,1
369,0283,0,2026-06-13 17:17:10,0.7902843601895735,0
370,0075,0,2026-06-13 17:17:20,0.8566350710900474,0
371,0283,0,2026-06-13 17:17:20,0.7902843601895735,0
372,0075,0,2026-06-13 17:17:30,0.8566350710900474,0
373,0283,0,2026-06-13 17:17:30,0.7902843601895735,0
374,0075,0,2026-06-13 17:17:40,0.8566350710900474,0
375,0283,0,2026-06-13 17:17:40,0.7902843601895735,0
376,0075,0,2026-06-13 17:17:50,0.8566350710900474,0
377,0283,0,2026-06-13 17:17:50,0.7902843601895735,1
378,0075,0,2026-06-13 17:18:00,0.8566350710900474,0
379,0283,0,2026-06-13 17:18:00,0.7902843601895735,0
380,0075,0,2026-06-13 17:18:10,0.8566350710900474,0
381,0283,0,2026-06-13 17:18:10,0.7902843601895735,0
382,0283,0,2026-06-13 17:18:20,0.7902843601895735,1
383,0167,1,2026-06-13 10:29:30,0.5189573459715640,0
384,0167,1,2026-06-13 10:29:40,0.5189573459715640,0
385,0167,1,2026-06-13 10:29:50,0.5189573459715640,1
386,0194,1,2026-06-13 10:29:50,0.6125592417061612,0
387,0391,1,2026-06-13 10:29:50,0.1931279620853081,0
388,0167,1,2026-06-13 10:30:00,0.5189573459715640,0
389,0194,1,2026-06-13 10:30:00,0.6125592417061612,0
390,0391,1,2026-06-13 10:30:00,0.1931279620853081,0
391,0167,1,2026-06-13 10:30:10,0.5189573459715640,0
392,0194,1,2026-06-13 10:30:10,0.6125592417061612,0
393,0391,1,2026-06-13 10:30:10,0.1931279620853081,0
394,0167,1,2026-06-13 10:30:20,0.5189573459715640,0
395,0194,1,2026-06-13 10:30:20,0.6125592417061612,0
396,0391,1,2026-06-13 10:30:20,0.1931279620853081,1
397,0167,1,2026-06-13 10:30:30,0.5189573459715640,0
398,0194,1,2026-06-13 10:30:30,0.6125592417061612,1
399,0391,1,2026-06-13 10:30:30,0.1931279620853081,0
400,0167,1,2026-06-13 10:30:40,0.5189573459715640,0
401,0194,1,2026-06-13 10:30:40,0.6125592417061612,0
402,0391,1,2026-06-13 10:30:40,0.1931279620853081,0
403,0167,1,2026-06-13 10:30:50,0.5189573459715640,0
404,0194,1,2026-06-13 10:30:50,0.6125592417061612,0
405,0391,1,2026-06-13 10:30:50,0.1931279620853081,0
406,0167,1,2026-06-13 10:31:00,0.5189573459715640,0
407,0194,1,2026-06-13 10:31:00,0.6125592417061612,0
408,0391,1,2026-06-13 10:31:00,0.1931279620853081,0
409,0167,1,2026-06-13 10:31:10,0.5189573459715640,0
410,0194,1,2026-06-13 10:31:10,0.6125592417061612,0
411,0391,1,2026-06-13 10:31:10,0.1931279620853081,0
412,0194,1,2026-06-13 10:31:20,0.6125592417061612,0
413,0391,1,2026-06-13 10:31:20,0.1931279620853081,0
414,0194,1,2026-06-13 10:31:30,0.6125592417061612,0
415,0391,1,2026-06-13 10:31:30,0.1931279620853081,0
416,0194,1,2026-06-13 10:31:40,0.6125592417061612,0
417,0391,1,2026-06-13 10:31:40,0.1931279620853081,0
418,0114,1,2026-06-13 10:33:20,0.1078199052132701,0
419,0114,1,2026-06-13 10:33:30,0.1078199052132701,0
420,0114,1,2026-06-13 10:33:40,0.1078199052132701,0
421,0114,1,2026-06-13 10:33:50,0.1078199052132701,0
422,0114,1,2026-06-13 10:34:00,0.1078199052132701,0
423,0114,1,2026-06-13 10:34:10,0.1078199052132701,0
424,0114,1,2026-06-13 10:34:20,0.1078199052132701,1
425,0311,1,2026-06-13 10:34:20,0.6125592417061612,0
426,0357,1,2026-06-13 10:34:20,0.1931279620853081,0
427,0114,1,2026-06-13 10:34:30,0.1078199052132701,0
428,0311,1,2026-06-13 10:34:30,0.6125592417061612,0
429,0357,1,2026-06-13 10:34:30,0.1931279620853081,0
430,0114,1,2026-06-13 10:34:40,0.1078199052132701,0
431,0311,1,2026-06-13 10:34:40,0.6125592417061612,0
432,0357,1,2026-06-13 10:34:40,0.1931279620853081,0
433,0493,1,2026-06-13 10:34:40,0.5189573459715640,0
434,0114,1,2026-06-13 10:34:50,0.1078199052132701,1
435,0311,1,2026-06-13 10:34:50,0.6125592417061612,0
436,0357,1,2026-06-13 10:34:50,0.1931279620853081,0
437,0493,1,2026-06-13 10:34:50,0.5189573459715640,0
438,0311,1,2026-06-13 10:35:00,0.6125592417061612,0
439,0357,1,2026-06-13 10:35:00,0.1931279620853081,0
440,0493,1,2026-06-13 10:35:00,0.5189573459715640,0
441,0311,1,2026-06-13 10:35:10,0.6125592417061612,0
442,0357,1,2026-06-13 10:35:10,0.1931279620853081,0
443,0493,1,2026-06-13 10:35:10,0.5189573459715640,0
444,0311,1,2026-06-13 10:35:20,0.6125592417061612,0
445,0357,1,2026-06-13 10:35:20,0.1931279620853081,1
446,0493,1,2026-06-13 10:35:20,0.5189573459715640,0
447,0311,1,2026-06-13 10:35:30,0.6125592417061612,1
448,0357,1,2026-06-13 10:35:30,0.1931279620853081,0
449,0493,1,2026-06-13 10:35:30,0.5189573459715640,0
450,0311,1,2026-06-13 10:35:40,0.6125592417061612,0
451,0357,1,2026-06-13 10:35:40,0.1931279620853081,0
452,0493,1,2026-06-13 10:35:40,0.5189573459715640,0
453,0311,1,2026-06-13 10:35:50,0.6125592417061612,0
454,0357,1,2026-06-13 10:35:50,0.1931279620853081,1
455,0493,1,2026-06-13 10:35:50,0.5189573459715640,0
456,0311,1,2026-06-13 10:36:00,0.6125592417061612,1
457,0493,1,2026-06-13 10:36:00,0.5189573459715640,0
458,0496,1,2026-06-13 10:36:00,0.1078199052132701,0
459,0066,1,2026-06-13 10:36:10,0.3744075829383886,0
460,0311,1,2026-06-13 10:36:10,0.6125592417061612,0
461,0496,1,2026-06-13 10:36:10,0.1078199052132701,0
462,0066,1,2026-06-13 10:36:20,0.3744075829383886,0
463,0496,1,2026-06-13 10:36:20,0.1078199052132701,0
464,0066,1,2026-06-13 10:36:30,0.3744075829383886,0
465,0496,1,2026-06-13 10:36:30,0.1078199052132701,0
466,0066,1,2026-06-13 10:36:40,0.3744075829383886,0
467,0496,1,2026-06-13 10:36:40,0.1078199052132701,0
468,0066,1,2026-06-13 10:36:50,0.3744075829383886,0
469,0496,1,2026-06-13 10:36:50,0.1078199052132701,0
470,0066,1,2026-06-13 10:37:00,0.3744075829383886,0
471,0496,1,2026-06-13 10:37:00,0.1078199052132701,0
472,0066,1,2026-06-13 10:37:10,0.3744075829383886,0
473,0496,1,2026-06-13 10:37:10,0.1078199052132701,0
474,0066,1,2026-06-13 10:37:20,0.3744075829383886,0
475,0496,1,2026-06-13 10:37:20,0.1078199052132701,0
476,0066,1,2026-06-13 10:37:30,0.3744075829383886,1
477,0496,1,2026-06-13 10:37:30,0.1078199052132701,0
478,0066,1,2026-06-13 10:37:40,0.3744075829383886,0
479,0496,1,2026-06-13 10:37:40,0.1078199052132701,0
480,0066,1,2026-06-13 10:37:50,0.3744075829383886,0
481,0066,1,2026-06-13 10:38:00,0.3744075829383886,0
482,0212,1,2026-06-13 10:41:10,0.8566350710900474,0
483,0212,1,2026-06-13 10:41:20,0.8566350710900474,0
484,0212,1,2026-06-13 10:41:30,0.8566350710900474,1
485,0212,1,2026-06-13 10:41:40,0.8566350710900474,0
486,0212,1,2026-06-13 10:41:50,0.8566350710900474,0
487,0212,1,2026-06-13 10:42:00,0.8566350710900474,0
488,0404,1,2026-06-13 10:42:00,0.5189573459715640,0
489,0212,1,2026-06-13 10:42:10,0.8566350710900474,0
490,0404,1,2026-06-13 10:42:10,0.5189573459715640,1
491,0404,1,2026-06-13 10:42:20,0.5189573459715640,0
492,0404,1,2026-06-13 10:42:30,0.5189573459715640,0
493,0404,1,2026-06-13 10:42:40,0.5189573459715640,1
494,0404,1,2026-06-13 10:42:50,0.5189573459715640,0
495,0404,1,2026-06-13 10:43:00,0.5189573459715640,0
496,0404,1,2026-06-13 10:43:10,0.5189573459715640,0
497,0404,1,2026-06-13 10:43:20,0.5189573459715640,0
498,0404,1,2026-06-13 10:43:30,0.5189573459715640,0
499,0404,1,2026-06-13 10:43:40,0.5189573459715640,0
500,0381,1,2026-06-13 12:24:50,1.0000000000000000,0
501,0381,1,2026-06-13 12:25:00,1.0000000000000000,1
502,0381,1,2026-06-13 12:25:10,1.0000000000000000,0
503,0381,1,2026-06-13 12:25:20,1.0000000000000000,0
504,0381,1,2026-06-13 12:25:30,1.0000000000000000,0
505,0381,1,2026-06-13 12:25:40,1.0000000000000000,0
506,0381,1,2026-06-13 12:25:50,1.0000000000000000,0
507,0381,1,2026-06-13 12:26:00,1.0000000000000000,0
508,0381,1,2026-06-13 12:26:10,1.0000000000000000,0
509,0381,1,2026-06-13 12:26:20,1.0000000000000000,0
510,0381,1,2026-06-13 12:26:30,1.0000000000000000,0
511,0132,1,2026-06-13 12:28:50,0.5189573459715640,0
512,0106,1,2026-06-13 12:29:00,0.3317535545023697,0
513,0132,1,2026-06-13 12:29:00,0.5189573459715640,0
514,0106,1,2026-06-13 12:29:10,0.3317535545023697,0
515,0132,1,2026-06-13 12:29:10,0.5189573459715640,0
516,0106,1,2026-06-13 12:29:20,0.3317535545023697,0
517,0132,1,2026-06-13 12:29:20,0.5189573459715640,0
518,0106,1,2026-06-13 12:29:30,0.3317535545023697,1
519,0132,1,2026-06-13 12:29:30,0.5189573459715640,0
520,0106,1,2026-06-13 12:29:40,0.3317535545023697,0
521,0132,1,2026-06-13 12:29:40,0.5189573459715640,0
522,0287,1,2026-06-13 12:29:40,0.3317535545023697,0
523,0106,1,2026-06-13 12:29:50,0.3317535545023697,0
524,0132,1,2026-06-13 12:29:50,0.5189573459715640,0
525,0287,1,2026-06-13 12:29:50,0.3317535545023697,0
526,0106,1,2026-06-13 12:30:00,0.3317535545023697,0
527,0132,1,2026-06-13 12:30:00,0.5189573459715640,0
528,0258,1,2026-06-13 12:30:00,0.3744075829383886,0
529,0287,1,2026-06-13 12:30:00,0.3317535545023697,0
530,0106,1,2026-06-13 12:30:10,0.3317535545023697,0
531,0132,1,2026-06-13 12:30:10,0.5189573459715640,0
532,0258,1,2026-06-13 12:30:10,0.3744075829383886,1
533,0287,1,2026-06-13 12:30:10,0.3317535545023697,0
534,0106,1,2026-06-13 12:30:20,0.3317535545023697,0
535,0132,1,2026-06-13 12:30:20,0.5189573459715640,0
536,0258,1,2026-06-13 12:30:20,0.3744075829383886,1
537,0287,1,2026-06-13 12:30:20,0.3317535545023697,0
538,0106,1,2026-06-13 12:30:30,0.3317535545023697,0
539,0132,1,2026-06-13 12:30:30,0.5189573459715640,0
540,0258,1,2026-06-13 12:30:30,0.3744075829383886,0
541,0287,1,2026-06-13 12:30:30,0.3317535545023697,0
542,0106,1,2026-06-13 12:30:40,0.3317535545023697,0
543,0258,1,2026-06-13 12:30:40,0.3744075829383886,0
544,0287,1,2026-06-13 12:30:40,0.3317535545023697,0
545,0106,1,2026-06-13 12:30:50,0.3317535545023697,0
546,0258,1,2026-06-13 12:30:50,0.3744075829383886,0
547,0287,1,2026-06-13 12:30:50,0.3317535545023697,0
548,0258,1,2026-06-13 12:31:00,0.3744075829383886,0
549,0287,1,2026-06-13 12:31:00,0.3317535545023697,0
550,0258,1,2026-06-13 12:31:10,0.3744075829383886,0
551,0287,1,2026-06-13 12:31:10,0.3317535545023697,1
552,0258,1,2026-06-13 12:31:20,0.3744075829383886,0
553,0491,1,2026-06-13 12:31:40,0.3744075829383886,0
554,0491,1,2026-06-13 12:31:50,0.3744075829383886,0
555,0491,1,2026-06-13 12:32:00,0.3744075829383886,0
556,0491,1,2026-06-13 12:32:10,0.3744075829383886,0
557,0491,1,2026-06-13 12:32:20,0.3744075829383886,0
558,0491,1,2026-06-13 12:32:30,0.3744075829383886,0
559,0491,1,2026-06-13 12:32:40,0.3744075829383886,1
560,0210,1,2026-06-13 14:11:10,0.8566350710900474,0
561,0210,1,2026-06-13 14:11:20,0.8566350710900474,0
562,0210,1,2026-06-13 14:11:30,0.8566350710900474,0
563,0399,1,2026-06-13 14:11:30,0.6125592417061612,0
564,0210,1,2026-06-13 14:11:40,0.8566350710900474,0
565,0399,1,2026-06-13 14:11:40,0.6125592417061612,0
566,0210,1,2026-06-13 14:11:50,0.8566350710900474,0
567,0399,1,2026-06-13 14:11:50,0.6125592417061612,0
568,0210,1,2026-06-13 14:12:00,0.8566350710900474,0
569,0399,1,2026-06-13 14:12:00,0.6125592417061612,0
570,0210,1,2026-06-13 14:12:10,0.8566350710900474,1
571,0399,1,2026-06-13 14:12:10,0.6125592417061612,0
572,0210,1,2026-06-13 14:12:20,0.8566350710900474,0
573,0210,1,2026-06-13 14:12:30,0.8566350710900474,0
574,0210,1,2026-06-13 14:12:40,0.8566350710900474,0
575,0210,1,2026-06-13 14:12:50,0.8566350710900474,0
576,0079,1,2026-06-13 15:07:10,0.5189573459715640,0
577,0079,1,2026-06-13 15:07:20,0.5189573459715640,0
578,0079,1,2026-06-13 15:07:30,0.5189573459715640,0
579,0079,1,2026-06-13 15:07:40,0.5189573459715640,0
580,0079,1,2026-06-13 15:07:50,0.5189573459715640,1
581,0079,1,2026-06-13 15:08:00,0.5189573459715640,0
582,0079,1,2026-06-13 15:08:10,0.5189573459715640,0
583,0079,1,2026-06-13 15:08:20,0.5189573459715640,0
584,0079,1,2026-06-13 15:08:30,0.5189573459715640,1
585,0079,1,2026-06-13 15:08:40,0.5189573459715640,0
586,0079,1,2026-06-13 15:08:50,0.5189573459715640,0
587,0079,1,2026-06-13 15:09:00,0.5189573459715640,0
588,0149,1,2026-06-13 15:28:20,0.6907582938388626,0
589,0149,1,2026-06-13 15:28:30,0.6907582938388626,0
590,0149,1,2026-06-13 15:28:40,0.6907582938388626,0
591,0149,1,2026-06-13 15:28:50,0.6907582938388626,0
592,0149,1,2026-06-13 15:29:00,0.6907582938388626,0
593,0149,1,2026-06-13 15:29:10,0.6907582938388626,0
594,0055,1,2026-06-13 15:29:30,0.7902843601895735,0
595,0055,1,2026-06-13 15:29:40,0.7902843601895735,0
596,0055,1,2026-06-13 15:29:50,0.7902843601895735,0
597,0055,1,2026-06-13 15:30:00,0.7902843601895735,0
598,0055,1,2026-06-13 15:30:10,0.7902843601895735,0
599,0055,1,2026-06-13 15:30:20,0.7902843601895735,0
600,0055,1,2026-06-13 15:30:30,0.7902843601895735,0
601,0055,1,2026-06-13 15:30:40,0.7902843601895735,1
602,0366,1,2026-06-13 15:30:50,1.0000000000000000,0
603,0432,1,2026-06-13 15:30:50,1.0000000000000000,0
604,0171,1,2026-06-13 15:31:00,0.0485781990521327,0
605,0366,1,2026-06-13 15:31:00,1.0000000000000000,0
606,0432,1,2026-06-13 15:31:00,1.0000000000000000,0
607,0171,1,2026-06-13 15:31:10,0.0485781990521327,0
608,0366,1,2026-06-13 15:31:10,1.0000000000000000,0
609,0432,1,2026-06-13 15:31:10,1.0000000000000000,0
610,0171,1,2026-06-13 15:31:20,0.0485781990521327,0
611,0432,1,2026-06-13 15:31:20,1.0000000000000000,1
612,0171,1,2026-06-13 15:31:30,0.0485781990521327,0
613,0432,1,2026-06-13 15:31:30,1.0000000000000000,0
614,0171,1,2026-06-13 15:31:40,0.0485781990521327,0
615,0432,1,2026-06-13 15:31:40,1.0000000000000000,0
616,0171,1,2026-06-13 15:31:50,0.0485781990521327,0
617,0432,1,2026-06-13 15:31:50,1.0000000000000000,1
618,0171,1,2026-06-13 15:32:00,0.0485781990521327,0
619,0432,1,2026-06-13 15:32:00,1.0000000000000000,0
620,0171,1,2026-06-13 15:32:10,0.0485781990521327,0
621,0432,1,2026-06-13 15:32:10,1.0000000000000000,0
622,0171,1,2026-06-13 15:32:20,0.0485781990521327,1
623,0422,1,2026-06-13 15:32:20,0.3317535545023697,0
624,0432,1,2026-06-13 15:32:20,1.0000000000000000,0
625,0171,1,2026-06-13 15:32:30,0.0485781990521327,0
626,0422,1,2026-06-13 15:32:30,0.3317535545023697,0
627,0432,1,2026-06-13 15:32:30,1.0000000000000000,0
628,0171,1,2026-06-13 15:32:40,0.0485781990521327,0
629,0422,1,2026-06-13 15:32:40,0.3317535545023697,0
630,0432,1,2026-06-13 15:32:40,1.0000000000000000,0
631,0171,1,2026-06-13 15:32:50,0.0485781990521327,0
632,0422,1,2026-06-13 15:32:50,0.3317535545023697,0
633,0422,1,2026-06-13 15:33:00,0.3317535545023697,0
634,0422,1,2026-06-13 15:33:10,0.3317535545023697,0
635,0422,1,2026-06-13 15:33:20,0.3317535545023697,0
636,0427,1,2026-06-13 15:33:20,0.1078199052132701,0
637,0422,1,2026-06-13 15:33:30,0.3317535545023697,0
638,0427,1,2026-06-13 15:33:30,0.1078199052132701,0
639,0422,1,2026-06-13 15:33:40,0.3317535545023697,0
640,0427,1,2026-06-13 15:33:40,0.1078199052132701,0
641,0422,1,2026-06-13 15:33:50,0.3317535545023697,0
642,0427,1,2026-06-13 15:33:50,0.1078199052132701,1
643,0427,1,2026-06-13 15:34:00,0.1078199052132701,0
644,0427,1,2026-06-13 15:34:10,0.1078199052132701,0
645,0130,1,2026-06-13 15:36:20,0.0485781990521327,0
646,0130,1,2026-06-13 15:36:30,0.0485781990521327,0
647,0130,1,2026-06-13 15:36:40,0.0485781990521327,0
648,0130,1,2026-06-13 15:36:50,0.0485781990521327,0
649,0130,1,2026-06-13 15:37:00,0.0485781990521327,0
650,0103,1,2026-06-13 15:37:10,1.0000000000000000,0
651,0130,1,2026-06-13 15:37:10,0.0485781990521327,0
652,0103,1,2026-06-13 15:37:20,1.0000000000000000,0
653,0130,1,2026-06-13 15:37:20,0.0485781990521327,0
654,0103,1,2026-06-13 15:37:30,1.0000000000000000,0
655,0130,1,2026-06-13 15:37:30,0.0485781990521327,0
656,0103,1,2026-06-13 15:37:40,1.0000000000000000,0
657,0130,1,2026-06-13 15:37:40,0.0485781990521327,0
658,0103,1,2026-06-13 15:37:50,1.0000000000000000,0
659,0130,1,2026-06-13 15:37:50,0.0485781990521327,0
660,0103,1,2026-06-13 15:38:00,1.0000000000000000,0
661,0130,1,2026-06-13 15:38:00,0.0485781990521327,0
662,0103,1,2026-06-13 15:38:10,1.0000000000000000,0
663,0130,1,2026-06-13 15:38:10,0.0485781990521327,1
664,0010,1,2026-06-13 15:38:20,0.3317535545023697,0
665,0103,1,2026-06-13 15:38:20,1.0000000000000000,0
666,0010,1,2026-06-13 15:38:30,0.3317535545023697,0
667,0103,1,2026-06-13 15:38:30,1.0000000000000000,1
668,0010,1,2026-06-13 15:38:40,0.3317535545023697,0
669,0103,1,2026-06-13 15:38:40,1.0000000000000000,0
670,0010,1,2026-06-13 15:38:50,0.3317535545023697,1
671,0103,1,2026-06-13 15:38:50,1.0000000000000000,0
672,0010,1,2026-06-13 15:39:00,0.3317535545023697,0
673,0010,1,2026-06-13 15:39:10,0.3317535545023697,0
674,0466,1,2026-06-13 16:45:50,0.6907582938388626,0
675,0466,1,2026-06-13 16:46:00,0.6907582938388626,0
676,0059,1,2026-06-13 16:46:10,0.7902843601895735,0
677,0466,1,2026-06-13 16:46:10,0.6907582938388626,0
678,0059,1,2026-06-13 16:46:20,0.7902843601895735,1
679,0466,1,2026-06-13 16:46:20,0.6907582938388626,0
680,0059,1,2026-06-13 16:46:30,0.7902843601895735,0
681,0466,1,2026-06-13 16:46:30,0.6907582938388626,0
682,0059,1,2026-06-13 16:46:40,0.7902843601895735,0
683,0466,1,2026-06-13 16:46:40,0.6907582938388626,0
684,0466,1,2026-06-13 16:46:50,0.6907582938388626,0
685,0466,1,2026-06-13 16:47:00,0.6907582938388626,1
686,0466,1,2026-06-13 16:47:10,0.6907582938388626,0
687,0466,1,2026-06-13 16:47:20,0.6907582938388626,0
688,0466,1,2026-06-13 16:47:30,0.6907582938388626,0
689,0466,1,2026-06-13 16:47:40,0.6907582938388626,0
690,0263,1,2026-06-13 17:08:00,0.3317535545023697,0
691,0263,1,2026-06-13 17:08:10,0.3317535545023697,0
692,0333,1,2026-06-13 17:08:10,0.6528436018957346,0
693,0263,1,2026-06-13 17:08:20,0.3317535545023697,0
694,0333,1,2026-06-13 17:08:20,0.6528436018957346,0
695,0263,1,2026-06-13 17:08:30,0.3317535545023697,0
696,0333,1,2026-06-13 17:08:30,0.6528436018957346,0
697,0263,1,2026-06-13 17:08:40,0.3317535545023697,0
698,0333,1,2026-06-13 17:08:40,0.6528436018957346,0
699,0263,1,2026-06-13 17:08:50,0.3317535545023697,0
700,0333,1,2026-06-13 17:08:50,0.6528436018957346,0
701,0263,1,2026-06-13 17:09:00,0.3317535545023697,0
702,0333,1,2026-06-13 17:09:00,0.6528436018957346,0
703,0263,1,2026-06-13 17:09:10,0.3317535545023697,0
704,0333,1,2026-06-13 17:09:10,0.6528436018957346,0
705,0263,1,2026-06-13 17:09:20,0.3317535545023697,0
706,0333,1,2026-06-13 17:09:20,0.6528436018957346,0
707,0263,1,2026-06-13 17:09:30,0.3317535545023697,0
708,0333,1,2026-06-13 17:09:30,0.6528436018957346,0
709,0263,1,2026-06-13 17:09:40,0.3317535545023697,1
710,0333,1,2026-06-13 17:09:40,0.6528436018957346,0
711,0263,1,2026-06-13 17:09:50,0.3317535545023697,0
712,0333,1,2026-06-13 17:09:50,0.6528436018957346,0
713,0333,1,2026-06-13 17:10:00,0.6528436018957346,0
714,0288,1,2026-06-13 17:11:00,0.6907582938388626,0
715,0288,1,2026-06-13 17:11:10,0.6907582938388626,0
716,0288,1,2026-06-13 17:11:20,0.6907582938388626,1
717,0075,1,2026-06-13 17:11:50,0.8566350710900474,0
718,0283,1,2026-06-13 17:11:50,0.7902843601895735,0
719,0075,1,2026-06-13 17:12:00,0.8566350710900474,0
720,0283,1,2026-06-13 17:12:00,0.7902843601895735,0
721,0075,1,2026-06-13 17:12:10,0.8566350710900474,0
722,0283,1,2026-06-13 17:12:10,0.7902843601895735,0
723,0075,1,2026-06-13 17:12:20,0.8566350710900474,0
724,0283,1,2026-06-13 17:12:20,0.7902843601895735,0
725,0075,1,2026-06-13 17:12:30,0.8566350710900474,0
726,0283,1,2026-06-13 17:12:30,0.7902843601895735,0
727,0075,1,2026-06-13 17:12:40,0.8566350710900474,0
728,0283,1,2026-06-13 17:12:40,0.7902843601895735,0
729,0075,1,2026-06-13 17:12:50,0.8566350710900474,0
730,0283,1,2026-06-13 17:12:50,0.7902843601895735,0
731,0075,1,2026-06-13 17:13:00,0.8566350710900474,0
732,0283,1,2026-06-13 17:13:00,0.7902843601895735,0
733,0075,1,2026-06-13 17:13:10,0.8566350710900474,0
734,0283,1,2026-06-13 17:13:10,0.7902843601895735,0
735,0075,1,2026-06-13 17:13:20,0.8566350710900474,0
736,0075,1,2026-06-13 17:13:30,0.8566350710900474,0
